,CK,TENDOANHNGHIEP,KLĐANGKY_NIEMYET,KLLUUHANH,NGAYNIEMYET,Tran,San,TC,Giamua3,KLmua3,Giamua2,KLmua2,Giamua1,KLmua1,Giakhop,Khoiluongkhoplenh,Thaydoi,Phantramthaydoi,Giaban3,KLban3,Giaban2,KLban2,Giaban1,KLban1Caonhat,Thapnhat,TongKL,DTNNmua,DTNNban,DTNNdu
0,AAA,Công ty Cổ phần Nhựa An Phát Xanh,"326.434.496,00","326.434.496,00",06/10/2016,15.7,13.7,14.7,14.35,"38,300",14.4,"106,600",14.45,"30,800",14.45,"76,500",-0.25,-1.7%,14.5,"10,000",14.55,"17,200",14.6,"28,700",14.8,14.4,"1,960,000","76,100","177,300"
1,AAM,Công ty Cổ phần Thủy sản Mekong,"12.346.411,00","10.451.182,00",13/07/2009,12.3,10.7,11.5,11,"1,500",11.1,"1,000",11.2,"1,000",,,,,11.5,200,11.7,"1,000",11.75,"3,600",,,,,
2,ABS,Công ty Cổ phần Dịch vụ Nông nghiệp Bình Thuận,"80.000.000,00","80.000.000,00",27/12/2019,32.1,27.9,30,29.5,"2,000",29.6,"3,200",29.7,"1,000",29.8,200,-0.20,-0.7%,29.8,900,29.9,700,30,"7,200",30.5,29.1,"102,700",,
3,ABT,Công ty Cổ phần Xuất nhập khẩu Thủy sản Bến Tre,"14.107.207,00","11.497.257,00",06/12/2006,33.15,28.85,31,31,100,31.1,"1,000",31.2,100,32.4,100,1.40,4.5%,32.4,"2,000",32.5,"1,000",33,100,32.4,32.4,100,,
4,ACB,Ngân hàng Thương mại Cổ phần Á Châu,"2.701.948.075,00","2.701.948.075,00",20/11/2020,30.95,26.95,28.95,28.5,"264,500",28.55,"151,400",28.6,"77,900",28.65,"56,200",-0.30,-1.0%,28.65,"77,200",28.7,"91,500",28.75,"87,100",29.1,28.5,"5,438,100",,
5,ACC,Công ty Cổ phần Đầu tư và Xây dựng Bình Dương ACC,"30.000.000,00","30.000.000,00",17/06/2011,16.45,14.35,15.4,14.9,"11,000",14.95,"16,500",15,"7,200",15.05,100,-0.35,-2.3%,15.05,"1,700",15.25,"7,900",15.3,"31,700",15.2,14.8,"87,800","1,000","5,500"
6,ACL,Công ty Cổ phần Xuất Nhập Khẩu Thủy sản Cửu Long An Giang,"50.159.019,00","50.159.019,00",23/08/2007,14.75,12.85,13.8,13.7,"2,700",13.8,"9,900",13.9,"7,900",14,500,0.20,1.4%,14,500,14.1,"5,000",14.15,"4,300",14.4,13.8,"136,400","3,000",400
7,ADS,Công ty Cổ phần Damsan,"38.069.450,00","38.069.450,00",22/06/2016,12.7,11.1,11.9,12.35,500,12.4,"2,000",12.5,400,12.55,700,0.65,5.5%,12.55,"2,600",12.6,"1,800",12.7,"5,600",12.6,12,"68,400",,
8,AGG,Công ty Cổ phần Đầu tư và Phát triển Bất động sản An Gia,"82.750.577,00","82.750.577,00",17/12/2019,37,32.2,34.6,35.6,"6,600",35.7,"10,200",35.95,"6,000",36,"88,900",1.40,4.0%,36,"121,100",36.05,"1,100",36.1,"213,200",36,34.5,"2,010,900","5,200",
9,AGM,Công ty Cổ phần Xuất Nhập Khẩu An Giang,"18.200.000,00","18.200.000,00",14/09/2012,14.3,12.5,13.4,12.6,800,12.8,"10,400",12.9,600,13,"2,200",-0.40,-3.0%,13,500,13.1,200,13.2,700,13.4,12.8,"16,300",,
10,AGR,Công ty Cổ phần Chứng khoán Agribank,"212.000.000,00","211.199.953,00",02/12/2009,13.35,11.65,12.5,12.25,"1,500",12.3,"61,800",12.35,"17,600",12.35,"36,900",-0.15,-1.2%,12.4,"14,600",12.5,"13,700",12.55,700,13.2,12.35,"2,191,000","8,700","76,600"
11,AMD,Công ty Cổ phần Đầu tư và Khoáng sản FLC Stone,"163.504.874,00","163.504.874,00",08/06/2015,3.78,3.3,3.54,3.52,"9,800",3.54,"30,500",3.55,"14,300",3.55,"296,200",0.01,0.3%,3.57,"35,000",3.58,"2,600",3.59,"38,500",3.76,3.48,"6,702,900","96,000","254,900"
12,ANV,Công ty Cổ phần Nam Việt,"127.539.625,00","127.127.875,00",28/11/2007,24.35,21.25,22.8,22.2,"62,300",22.25,"17,500",22.3,"2,200",22.3,"20,600",-0.50,-2.2%,22.4,"2,000",22.45,"1,800",22.5,400,23,22,"476,900","8,300","18,400"
13,APC,Công ty Cổ phần Chiếu xạ An Phú,"20.121.395,00","19.905.025,00",22/01/2010,28.35,24.65,26.5,24.7,"3,600",24.75,600,25,600,25,"17,300",-1.50,-5.7%,25.4,300,25.5,400,25.9,"6,300",26.5,25,"167,200","3,000","3,000"
14,APG,Công ty Cổ phần Chứng khoán APG,"73.153.306,00","73.153.306,00",23/09/2016,12.15,10.65,11.4,10.7,"123,100",10.75,"16,600",10.8,"40,700",10.85,"15,200",-0.55,-4.8%,10.85,"5,300",10.9,"11,700",10.95,"8,500",11.4,10.7,"2,022,000","64,800","38,400"
15,APH,Công ty Cổ phần Tập đoàn An Phát Holdings,"195.107.442,00","195.107.442,00",14/07/2020,70,61,65.5,65.3,"5,800",65.4,"4,000",65.5,"2,600",65.5,"4,700",0.00,0.0%,65.7,300,65.8,"2,200",65.9,"3,300",67,65.5,"463,000",,"4,700"
16,ASG,Công ty Cổ phần Tập đoàn ASG,"75.653.891,00","75.653.891,00",17/07/2020,40.85,35.55,38.2,37.2,400,37.3,300,37.5,300,37.3,"1,200",-0.90,-2.4%,38,"2,100",38.1,200,38.2,800,38.2,37.1,"7,200",,
17,ASM,Công ty Cổ phần Tập đoàn Sao Mai,"258.867.849,00","258.867.849,00",24/12/2009,19.25,16.75,18,19.05,"4,700",19.1,"6,200",19.15,"12,700",19.2,"147,600",1.20,6.7%,19.2,400,19.25,"24,200",,,19.25,18,"10,135,900","288,300","63,000"
18,ASP,Công ty Cổ phần Tập đoàn Dầu khí An Pha,"37.339.929,00","37.339.542,00",01/02/2008,7.58,6.6,7.09,7,"184,200",7.03,200,7.09,100,7.5,"210,000",0.41,5.8%,7.5,"27,200",7.53,300,7.57,"5,000",7.5,7,"511,300",,
19,AST,Công ty Cổ phần Dịch vụ Hàng không Taseco,"45.000.000,00","45.000.000,00",26/12/2017,66.8,58.2,62.5,63.2,700,63.4,100,63.5,"2,900",64,300,1.50,2.4%,64,"9,800",64.2,"3,700",64.3,"1,700",64.4,62,"81,100","40,100","36,300"
20,BBC,Công ty Cổ phần BIBICA,"15.420.782,00","18.752.687,00",17/12/2001,68.4,59.6,64,60.1,100,60.6,200,60.7,200,65,100,1.00,1.6%,65,400,65.8,100,66,600,65,63.8,"1,100",,
21,BCE,Công ty Cổ phần Xây dựng và Giao thông Bình Dương,"35.000.000,00","35.000.000,00",15/06/2010,12.75,11.15,11.95,12.05,"11,200",12.15,"5,000",12.2,"12,700",12.2,"10,100",0.25,2.1%,12.25,600,12.3,"11,000",12.4,"2,200",12.65,12.2,"240,000",,"3,200"
22,BCG,Công ty Cổ phần Bamboo Capital,"297.537.174,00","297.537.174,00",08/07/2015,13.95,12.15,13.05,13.3,"10,000",13.35,"2,200",13.4,"13,100",13.4,"23,400",0.35,2.7%,13.45,100,13.5,"1,100",13.55,"6,600",13.85,13.4,"1,214,900","16,300","81,400"
23,BCM,Tổng Công ty Đầu tư và Phát triển Công nghiệp - CTCP,"1.035.000.000,00","1.035.000.000,00",31/07/2020,56.7,49.3,53,56.3,100,56.6,"1,800",56.7,"86,700",56.7,500,3.70,7.0%,,,,,,,56.7,51.1,"383,000",,"125,000"
24,BFC,Công ty Cổ phần Phân bón Bình Điền,"57.167.993,00","57.167.993,00",27/08/2015,18.5,16.1,17.3,17.1,"5,800",17.15,"2,100",17.2,"4,400",17.25,"5,000",-0.05,-0.3%,17.25,"2,400",17.3,"23,600",17.35,"12,900",17.35,16.7,"308,900","1,700","4,500"
25,BHN,Tổng Công ty Cổ phần Bia – Rượu – Nước giải khát Hà Nội,"231.800.000,00","231.800.000,00",30/12/2016,86.3,75.1,80.7,77,500,78,900,80,200,80,100,-0.70,-0.9%,82.8,200,83,"5,200",84,500,80,80,"1,200",,
26,BIC,Tổng Công ty Bảo hiểm Ngân hàng Đầu tư và Phát triển Việt Nam,"117.276.895,00","117.276.895,00",20/06/2011,23.95,20.85,22.4,21.95,"2,700",22,"11,800",22.1,100,22.2,"1,600",-0.20,-0.9%,22.2,400,22.3,500,22.4,"14,400",22.45,21.5,"61,100","3,300","13,600"
27,BID,Ngân hàng Thương mại Cổ phần Đầu tư và Phát triển Việt Nam,"4.022.018.040,00","5.058.526.255,00",16/01/2014,49.75,43.25,46.5,45.15,"3,800",45.2,"21,300",45.25,"6,300",45.25,"71,000",-1.25,-2.7%,45.3,"3,300",45.5,"2,400",45.6,"2,900",46.55,45.1,"2,211,800","99,600","945,000"
28,BKG,Công ty Cổ phần Đầu tư BKG Việt Nam,"32.000.000,00","32.000.000,00",21/12/2020,13.15,11.45,12.3,11.85,500,11.9,"17,300",12,"68,100",12.1,"2,500",-0.20,-1.6%,12.1,"1,900",12.15,"1,400",12.3,"31,300",12.5,12,"167,900",,"200,000"
29,BMC,Công ty Cổ phần Khoáng sản Bình Định,"12.392.630,00","12.392.630,00",12/12/2006,16.05,13.95,15,15.85,"6,000",15.9,"1,000",16.05,"6,900",16.05,500,1.05,7.0%,,,,,,,16.05,15,"526,200","13,700","5,200"
30,BMI,Tổng Công ty Cổ phần Bảo Minh,"109.623.985,00","109.623.985,00",11/04/2008,31.65,27.55,29.6,28.8,"22,100",28.85,"17,800",28.9,"80,300",28.95,"3,400",-0.65,-2.2%,28.95,500,29,"7,900",29.05,200,30,28.85,"643,700","4,300","28,200"
31,BMP,Công ty Cổ phần Nhựa Bình Minh,"81.860.938,00","81.860.938,00",12/06/2006,64.2,55.8,60,62.1,"1,500",62.2,500,62.3,"19,000",62.4,"4,100",2.40,4.0%,62.4,"11,400",62.5,"2,300",62.6,400,62.9,61.5,"283,100","71,200",400
32,BRC,Công ty Cổ phần Cao su Bến Thành,"12.374.997,00","12.374.997,00",27/10/2011,13.2,11.5,12.35,12.05,500,12.2,100,12.4,900,12.4,"1,000",0.05,0.4%,12.55,500,12.6,"2,000",12.7,"2,100",12.5,12.4,"6,600",,
33,BSI,Công ty Cổ phần Chứng khoán Ngân hàng Đầu tư và Phát triển Việt Nam,"122.070.078,00","121.570.689,00",13/07/2011,16.65,14.55,15.6,15,"75,900",15.05,"35,500",15.1,"19,300",15.1,"22,500",-0.50,-3.2%,15.15,"3,800",15.2,"17,600",15.25,"5,900",15.6,15.05,"867,100","46,400",
34,BTP,Công ty Cổ phần Nhiệt điện Bà Rịa,"60.485.600,00","60.485.600,00",17/11/2009,15.9,13.9,14.9,14.55,"3,000",14.6,400,14.7,"4,400",14.7,"4,000",-0.20,-1.3%,14.8,"1,300",14.9,600,14.95,"1,000",14.9,14.5,"34,100",,100
35,BTT,Công ty Cổ phần Thương mại – Dịch vụ Bến Thành,"13.500.000,00","13.500.000,00",04/03/2010,53.3,46.45,49.9,49,100,49.5,"1,000",49.9,"1,900",49.9,100,0.00,0.0%,50,100,51,300,53,100,49.9,49.9,100,,
36,BVH,Tập đoàn Bảo Việt,"742.322.764,00","742.322.764,00",16/06/2009,70.2,61.2,65.7,64.4,"1,500",64.5,"16,300",64.6,"13,100",64.7,"22,400",-1.00,-1.5%,64.7,"1,200",64.9,"3,100",65,"8,800",66.2,64,"685,900","38,800","80,600"
37,BWE,Công ty Cổ phần Nước – Môi trường Bình Dương,"192.920.000,00","192.920.000,00",05/07/2017,31.95,27.85,29.9,30.2,"5,900",30.25,"2,300",30.3,"2,600",30.6,"18,200",0.70,2.3%,30.6,200,30.7,"2,100",30.9,"28,000",31,29.85,"533,900","276,200","23,200"
38,C32,Công ty Cổ phần CIC39,"15.030.145,00","15.030.145,00",06/09/2012,28.75,25.05,26.9,26.2,"1,300",26.3,"4,100",26.4,"24,200",26.4,"4,100",-0.50,-1.9%,26.6,"1,000",26.8,500,26.9,"6,300",27,26,"121,300",600,"3,500"
39,C47,Công ty Cổ phần Xây dựng 47,"21.529.504,00","27.529.504,00",21/03/2011,12.3,10.7,11.5,11.25,200,11.3,"3,300",11.35,"1,800",11.35,"2,000",-0.15,-1.3%,11.4,"1,200",11.55,"3,300",11.6,"7,200",11.55,11,"103,900",,
40,CAV,Công ty Cổ phần Dây cáp điện Việt Nam,"57.600.000,00","57.489.430,00",28/10/2014,80.8,70.4,75.6,72.5,500,73,"1,600",73.5,500,74,500,-1.60,-2.1%,74,"1,900",75,"4,900",75.2,"1,500",75.6,73,"3,900",800,100
41,CCI,Công ty Cổ phần Đầu tư Phát triển Công nghiệp Thương mại Củ Chi,"17.743.865,00","17.541.105,00",07/04/2010,17.35,15.15,16.25,15.35,"1,000",15.5,"5,000",16.2,"2,100",16.2,500,-0.05,-0.3%,16.25,"1,400",16.5,800,17,"1,000",16.25,15.15,"4,700",,
42,CCL,Công ty Cổ phần Đầu tư và Phát triển Đô thị Dầu khí Cửu Long,"47.499.885,00","47.499.885,00",21/01/2011,11.3,9.86,10.6,10.1,"66,800",10.15,"16,500",10.2,"13,300",10.2,"31,800",-0.40,-3.8%,10.4,"1,100",10.45,"1,000",10.5,"32,200",10.95,10.1,"495,900",500,"19,000"
43,CDC,Công ty Cổ phần Chương Dương,"21.988.716,00","21.988.716,00",27/08/2010,18.1,15.8,16.95,17.35,100,17.4,500,17.5,"2,700",17.9,600,0.95,5.6%,17.9,"1,200",18,"7,300",18.05,"10,000",18.1,17.5,"29,200",,"1,400"
44,CEE,Công ty Cổ phần Xây dựng Hạ tầng CII,"41.500.000,00","39.500.000,00",08/05/2017,18.95,16.55,17.75,16.9,100,16.95,100,17,600,17.05,100,-0.70,-3.9%,17.1,100,17.75,600,18,"4,000",17.75,17.05,600,,
45,CHP,Công ty Cổ phần Thủy điện Miền Trung,"146.912.668,00","146.912.668,00",10/08/2016,20.2,17.6,18.9,18.6,800,18.7,"1,000",18.8,"12,900",19.1,600,0.20,1.1%,19.1,"1,200",19.2,100,19.3,100,19.1,18.8,"39,300","10,500",
46,CIG,Công ty Cổ phần COMA18,"31.539.947,00","31.539.947,00",01/07/2011,3.87,3.37,3.62,3.8,"13,500",3.86,600,3.87,"48,200",3.87,"1,000",0.25,6.9%,,,,,,,3.87,3.63,"103,500",,
47,CII,Công ty Cổ phần Đầu tư Hạ tầng Kỹ thuật TP.HCM,"283.304.771,00","238.974.901,00",24/02/2006,25,21.8,23.4,23.1,"42,500",23.15,"2,700",23.2,"53,800",23.2,"119,400",-0.20,-0.9%,23.25,"5,900",23.35,"8,100",23.4,"41,700",23.7,23.1,"2,298,500","48,700","33,900"
48,CKG,Công ty Cổ phần Tập đoàn Tư vấn Đầu tư Xây dựng Kiên Giang,"82.499.781,00","82.499.781,00",27/12/2019,17.05,14.85,15.95,15.55,"11,400",15.6,"51,900",15.65,"5,500",15.65,"11,400",-0.30,-1.9%,15.7,"47,700",15.75,"43,300",15.8,"71,900",15.95,15.6,"1,494,200",,
49,CLC,Công ty Cổ phần Cát Lợi,"26.207.583,00","26.207.583,00",18/10/2006,34.2,29.8,32,31.6,700,31.8,600,32,300,32.9,200,0.90,2.8%,33,"2,000",33.5,"1,000",33.6,"2,000",33.9,32,"9,300",,
50,CLL,Công ty Cổ phần Cảng Cát Lái,"34.000.000,00","34.000.000,00",19/05/2014,33.15,28.85,31,30.25,400,30.5,"1,200",31,200,32,100,1.00,3.2%,32,700,32.6,"2,400",32.8,"1,200",32.6,30,"19,100",,
51,CLW,Công ty Cổ phần Cấp nước Chợ Lớn,"13.000.000,00","13.000.000,00",20/10/2010,28.35,24.65,26.5,,,,,26.5,"5,000",27,500,0.50,1.9%,27.2,500,27.5,500,28,500,27,26.5,"9,700","3,300",
52,CMG,Công ty Cổ phần Tập đoàn Công nghệ CMC,"99.999.866,00","99.999.866,00",13/01/2010,39.55,34.45,37,36.3,"8,400",36.5,"1,000",36.6,"1,000",36.9,"1,800",-0.10,-0.3%,36.9,"3,300",36.95,200,37,"11,200",38,36,"115,100","12,400","2,800"
53,CMV,Công ty Cổ phần Thương nghiệp Cà Mau,"18.155.868,00","18.155.868,00",09/06/2010,18.5,16.1,17.3,,,16.6,100,17.3,"3,000",,,,,18.2,200,18.4,300,18.5,300,,,,,
54,CMX,Công ty Cổ phần Camimex Group,"90.817.502,00","90.817.502,00",02/11/2010,18.6,16.2,17.4,16.8,"11,100",16.85,"2,600",16.9,"13,500",16.95,"12,200",-0.45,-2.6%,16.95,"1,100",17,"2,600",17.05,100,17.35,16.9,"518,900","105,400",
55,CNG,Công ty Cổ phần CNG Việt Nam,"27.000.000,00","26.999.673,00",14/11/2011,23.1,20.1,21.6,21.5,"1,000",21.6,"3,800",21.65,500,21.6,300,0.00,0.0%,21.75,"5,500",21.8,"7,200",21.85,"7,100",21.85,21.4,"155,100","31,300","26,600"
56,COM,Công ty Cổ phần Vật tư - Xăng dầu,"14.120.628,00","14.120.628,00",12/05/2006,49.75,43.25,46.5,44.05,300,44.2,100,44.3,100,43.8,100,-2.70,-5.8%,46.5,"2,000",49.75,"2,100",,,43.8,43.8,100,,
57,CRC,Công ty Cổ phần Create Capital Việt Nam,"30.000.000,00","30.000.000,00",07/08/2018,10.9,9.49,10.2,9.79,200,9.8,"21,100",9.9,"1,500",9.9,"5,900",-0.30,-2.9%,10,"1,000",10.05,500,10.1,"5,900",10.2,9.9,"252,400","9,200",300
58,CRE,Công ty Cổ phần Bất động sản Thế Kỷ,"201.599.557,00","201.599.449,00",10/08/2018,26.5,23.1,24.8,25.3,"40,400",25.35,"2,600",25.4,"10,600",25.4,"141,100",0.60,2.4%,25.5,900,25.55,"5,300",25.6,"7,600",26.3,24.6,"2,510,300","171,900","23,400"
59,CSM,Công ty Cổ phần Công nghiệp Cao su Miền Nam,"103.626.467,00","103.625.262,00",04/08/2009,19.6,17.1,18.35,19.5,"50,700",19.55,"55,500",19.6,"239,500",19.6,"44,200",1.25,6.8%,,,,,,,19.6,18,"577,400",,"4,800"
60,CSV,Công ty Cổ phần Hóa chất cơ bản miền Nam,"44.200.000,00","44.200.000,00",24/02/2015,31.35,27.25,29.3,28.8,"5,900",28.85,"2,000",28.9,"17,100",29,"10,800",-0.30,-1.0%,29,"9,900",29.15,"1,000",29.2,700,29.5,28.8,"178,900","13,800",300
61,CTD,Công ty Cổ phần Xây dựng COTECCONS,"79.255.000,00","73.859.473,00",09/12/2009,85.6,74.4,80,79.3,"5,700",79.4,600,79.5,"6,400",79.9,"23,500",-0.10,-0.1%,79.9,"13,500",80,"8,700",80.1,"2,900",81.5,78.9,"942,100","1,300","46,400"
62,CTF,Công ty Cổ phần City Auto,"72.397.776,00","72.397.776,00",11/05/2017,21.4,18.6,20,19,"2,100",19.05,"1,100",19.2,"1,000",20,200,0.00,0.0%,20,"3,800",20.1,"3,800",20.2,100,20.1,19.25,"102,300",100,
63,CTG,Ngân hàng Thương mại Cổ phần Công Thương Việt Nam,"4.805.750.609,00","4.805.750.609,00",09/07/2009,39.55,34.45,37,37.35,100,37.4,"30,000",37.45,"21,000",37.6,"311,800",0.60,1.6%,37.6,"58,300",37.65,"26,300",37.7,"54,300",38.3,36.7,"11,333,200","789,700","3,253,500"
64,CTI,Công ty Cổ phần Đầu tư Phát triển Cường Thuận IDICO,"62.999.997,00","54.799.997,00",10/02/2010,17.15,14.95,16.05,15.95,"12,100",16,"5,100",16.05,"1,000",16.1,"15,100",0.05,0.3%,16.1,"11,800",16.15,700,16.2,"10,600",16.45,15.75,"418,300","9,300","5,400"
65,CTS,Công ty Cổ phần Chứng khoán Ngân hàng Công Thương Việt Nam,"106.436.576,00","106.399.614,00",13/06/2017,17.85,15.55,16.7,15.9,"12,200",15.95,"4,400",16,"7,300",16,"48,100",-0.70,-4.2%,16.2,"3,300",16.25,"7,200",16.3,"4,200",16.9,15.8,"803,700","6,500","156,500"
66,CVT,Công ty Cổ phần CMC,"36.690.887,00","36.690.887,00",25/09/2017,45.5,39.6,42.55,41.8,100,42,600,42.05,"1,000",42.05,100,-0.50,-1.2%,42.55,200,43.5,900,43.8,200,43.5,42,"31,300",,"2,500"
67,D2D,Công ty Cổ phần Phát triển Đô thị Công nghiệp số 2,"30.304.758,00","30.259.742,00",24/06/2009,64,55.8,59.9,58.7,"1,900",58.8,"5,900",58.9,"1,100",59,"3,500",-0.90,-1.5%,59,"3,700",59.2,"1,500",59.3,100,60.5,58.8,"295,400","21,100","11,600"
68,DAG,Công ty Cổ phần Tập đoàn Nhựa Đông Á,"59.564.112,00","59.562.128,00",01/03/2010,8.15,7.09,7.62,7.65,400,7.66,"4,400",7.67,300,7.7,"5,800",0.08,1.0%,7.7,"17,200",7.72,"21,500",7.73,"32,900",7.81,7.6,"1,215,000","19,200","1,200"
69,DAH,Công ty Cổ phần Tập đoàn Khách sạn Đông Á,"34.200.000,00","84.200.000,00",30/09/2016,5,4.36,4.68,4.54,"1,000",4.55,"2,500",4.56,"11,000",4.6,"11,300",-0.08,-1.7%,4.6,"15,700",4.62,"5,100",4.64,"2,000",4.73,4.52,"1,397,200","49,700","31,100"
70,DAT,Công ty Cổ phần Đầu tư Du lịch và Phát triển Thủy sản,"46.005.413,00","46.005.413,00",06/10/2015,32,27.9,29.95,29.1,400,29.2,200,29.25,100,29.9,100,-0.05,-0.2%,30,100,30.05,100,30.1,"1,000",30.2,29.9,"1,400",,
71,DBC,Công ty Cổ phần Tập đoàn DABACO Việt Nam,"115.239.430,00","115.239.430,00",08/07/2019,62.7,54.5,58.6,57.7,"1,100",57.8,100,58,"37,500",58,"196,200",-0.60,-1.0%,58.1,"3,500",58.2,"5,000",58.3,"2,200",60.1,57.5,"2,946,900","36,600","90,700"
72,DBD,Công ty Cổ phần Dược - Trang thiết bị Y tế Bình Định,"57.612.444,00","57.572.359,00",24/05/2018,52.2,45.4,48.8,48.3,"1,100",48.35,"1,300",48.5,"5,000",48.8,500,0.00,0.0%,48.8,"3,100",48.9,"6,000",49,"21,300",49.4,48,"29,600",,
73,DBT,Công ty Cổ phần Dược phẩm Bến Tre,"14.205.116,00","14.205.116,00",04/08/2020,14.4,12.6,13.5,13,"1,600",13.1,"21,900",13.15,100,13.15,400,-0.35,-2.6%,13.4,"1,000",13.45,100,13.5,"1,000",13.4,13.1,"2,700",,
74,DC4,Công ty Cổ phần Xây dựng DIC Holdings,"33.599.465,00","50.000.000,00",04/09/2020,12.8,11.2,12,11.5,"1,300",11.55,500,11.6,100,12.45,100,0.45,3.8%,12.45,"9,400",12.5,"14,500",12.6,"10,700",12.7,11.5,"10,800",,
75,DCL,Công ty Cổ phần Dược phẩm Cửu Long,"58.832.824,00","58.832.824,00",03/09/2008,34.75,30.25,32.5,,,,,,,30.25,"23,100",-2.25,-6.9%,30.25,"77,200",30.35,"2,700",30.4,"1,500",32.2,30.25,"894,600","13,000",300
76,DCM,Công ty Cổ phần Phân bón Dầu khí Cà Mau,"529.400.000,00","529.400.000,00",20/03/2015,15.4,13.4,14.4,14.15,"6,100",14.2,"61,000",14.25,"30,500",14.3,"36,400",-0.10,-0.7%,14.3,"7,700",14.35,"20,600",14.4,"54,500",14.7,14.2,"2,529,300","44,400","62,200"
77,DGC,Công ty Cổ phần Tập đoàn Hóa chất Đức Giang,"171.080.556,00","171.079.683,00",07/07/2020,56.7,49.3,53,54.4,"10,200",54.5,"1,200",54.6,"1,100",54.7,"11,900",1.70,3.2%,54.7,"13,100",54.8,"21,900",54.9,"11,800",55.5,52.5,"1,635,900","59,700","5,600"
78,DGW,Công ty Cổ phần Thế Giới Số,"88.552.025,00","88.400.556,00",24/07/2015,82.2,71.6,76.9,77.7,"5,400",77.8,"3,200",77.9,400,78.4,"3,100",1.50,2.0%,78.4,200,78.5,"11,300",78.6,300,80,77.3,"344,500","75,100","19,000"
79,DHA,Công ty Cổ phần Hóa An,"15.119.946,00","14.726.073,00",12/04/2004,54,47,50.5,49.55,100,49.8,400,49.9,200,50,300,-0.50,-1.0%,50,"2,700",50.1,"1,000",50.2,"1,700",50.5,49.8,"31,400","1,500",
80,DHC,Công ty Cổ phần Đông Hải Bến Tre,"69.994.423,00","69.994.423,00",18/06/2009,71.9,62.5,67.2,65.3,100,65.5,"9,000",66,"7,000",66.7,"10,000",-0.50,-0.7%,66.7,"1,000",66.8,"4,800",66.9,"7,000",67.4,65,"604,500","102,800","108,500"
81,DHG,Công ty Cổ phần Dược Hậu Giang,"130.746.071,00","130.746.071,00",01/12/2006,112.7,98.1,105.4,104.1,700,104.2,300,104.6,"1,000",104.6,700,-0.80,-0.8%,104.9,600,105,"1,900",105.5,200,105.4,104,"9,700",600,
82,DHM,Công ty Cổ phần Thương mại & Khai thác Khoáng sản Dương Hiếu,"31.396.180,00","31.396.180,00",11/07/2012,10.25,8.93,9.6,9.57,"3,000",9.58,"3,400",9.59,"3,600",9.61,"9,600",0.01,0.1%,9.61,"4,400",9.62,"9,500",9.63,"2,400",9.67,9.58,"228,600","3,500",600
83,DIG,Tổng Công ty Cổ phần Đầu tư Phát triển Xây dựng,"499.890.962,00","499.890.962,00",12/08/2009,35.65,31.05,33.35,32.85,"33,000",32.9,"33,600",32.95,"58,000",33,"49,700",-0.35,-1.0%,33,"29,900",33.05,"23,200",33.1,"22,500",33.9,32.85,"3,990,300","58,500","62,900"
84,DLG,Công ty Cổ phần Tập đoàn Đức Long Gia Lai,"299.309.720,00","299.309.720,00",14/06/2010,2.25,1.97,2.11,2.12,"107,100",2.13,"187,800",2.14,"16,800",2.14,"431,600",0.03,1.4%,2.17,"76,000",2.19,"51,300",2.2,"255,500",2.25,2.11,"17,564,400","84,900","13,700"
85,DMC,Công ty Cổ phần Xuất nhập khẩu Y tế DOMESCO,"34.727.465,00","34.727.465,00",04/12/2006,62,54,58,58.6,"4,100",58.8,"1,000",58.9,"1,400",58.9,300,0.90,1.6%,59.9,"1,200",60,"4,800",60.1,"6,000",60.5,58,"74,000","51,600","5,100"
86,DPG,Công ty Cổ phần Tập đoàn Đạt Phương,"62.999.554,00","62.999.554,00",09/05/2018,32.7,28.5,30.6,30.3,"13,700",30.4,"4,100",30.5,"1,100",30.5,"1,700",-0.10,-0.3%,30.6,"1,700",30.65,"1,200",30.7,"7,200",31,30.1,"483,100",300,"18,600"
87,DPM,Tổng Công ty Phân bón và Hóa chất Dầu khí - Công ty Cổ phần,"391.400.000,00","391.334.260,00",29/10/2007,20.55,17.95,19.25,19.1,"26,200",19.15,"89,400",19.2,"68,000",19.2,"69,900",-0.05,-0.3%,19.3,"50,400",19.35,"56,500",19.4,"35,800",19.5,19.05,"2,477,900","403,400","86,700"
88,DPR,Công ty Cổ phần Cao su Đồng Phú,"43.000.000,00","43.000.000,00",22/11/2007,53.1,46.25,49.7,48.8,500,49,"9,100",49.1,100,49.6,300,-0.10,-0.2%,49.6,500,49.7,"1,900",49.8,"1,100",49.7,48.55,"34,600","14,000",100
89,DQC,Công ty Cổ phần Bóng đèn Điện Quang,"34.359.416,00","27.558.066,00",14/02/2008,20.05,17.45,18.75,18.2,"5,800",18.25,"2,100",18.3,"1,000",18.4,"5,400",-0.35,-1.9%,18.4,"1,400",18.5,"6,600",18.55,"7,600",18.7,18.2,"84,300",,
90,DRC,Công ty Cổ phần Cao su Đà Nẵng,"118.792.605,00","118.792.605,00",28/11/2006,26.15,22.75,24.45,26.05,"19,700",26.1,"207,700",26.15,"1,760,100",26.15,"4,700",1.70,7.0%,,,,,,,26.15,24.6,"4,101,500","28,700","1,258,600"
91,DRH,Công ty Cổ phần DRH Holdings,"60.999.933,00","60.353.933,00",13/07/2010,11.95,10.45,11.2,,,,,10.45,"215,000",10.45,"226,100",-0.75,-6.7%,10.55,300,10.6,"6,800",10.65,"12,000",11.3,10.45,"1,508,400","11,800","26,700"
92,DRL,Công ty Cổ phần Thủy điện - Điện lực 3,"9.500.000,00","9.500.000,00",30/03/2012,57.7,50.3,54,53.6,"1,000",53.8,"4,400",53.9,"4,700",53.9,200,-0.10,-0.2%,54,"1,000",54.2,200,54.4,300,54,53.9,"1,300","1,200",
93,DSN,Công ty Cổ phần Công viên nước Đầm Sen,"12.083.009,00","12.083.009,00",17/09/2010,52.2,45.4,48.8,48.05,300,48.1,600,48.2,500,48.9,100,0.10,0.2%,48.9,200,49,"2,200",49.1,100,49,48.5,"4,500",,
94,DTA,Công ty Cổ phần Đệ Tam,"18.059.832,00","18.059.832,00",30/06/2010,7.52,6.54,7.03,7.01,600,7.02,"14,000",7.03,400,7.03,500,0.00,0.0%,7.2,"1,000",7.28,100,7.34,200,7.44,6.8,"147,700",,
95,DTL,Công ty Cổ phần Đại Thiên Lộc,"61.435.604,00","60.630.984,00",28/05/2010,13.15,11.45,12.3,,,,,,,,,,,13.15,"2,300",,,,,,,,,
96,DTT,Công ty Cổ phần Kỹ nghệ Đô Thành,"8.151.820,00","8.151.820,00",06/12/2006,13.35,11.65,12.5,,,,,11.65,200,,,,,,,,,,,,,,,
97,DVP,Công ty Cổ phần Đầu tư và Phát triển Cảng Đình Vũ,"40.000.000,00","40.000.000,00",24/11/2009,52.7,45.85,49.3,48.75,"1,600",48.8,"2,000",48.9,"5,800",48.95,"1,600",-0.35,-0.7%,48.95,400,49,"1,300",49.1,"1,000",49.3,48.8,"43,800","7,500","4,700"
98,DXG,Công ty Cổ phần Tập đoàn Đất Xanh,"597.773.048,00","596.025.562,00",14/12/2009,20,17.4,18.7,19.9,"321,800",19.95,"118,900",20,"955,000",20,"45,300",1.30,7.0%,,,,,,,20,19.1,"14,537,000","1,564,700","1,138,800"
99,DXV,Công ty Cổ phần Vicem Vật liệu Xây dựng Đà Nẵng,"9.900.000,00","9.900.000,00",24/01/2008,4.57,3.99,4.28,4.28,200,4.3,"2,000",4.38,"1,400",4.4,"4,000",0.12,2.8%,4.4,"3,600",4.43,"2,000",4.44,"3,000",4.4,4.28,"26,000",,
100,EIB,Ngân hàng Thương mại Cổ phần Xuất Nhập khẩu Việt Nam,"1.235.522.904,00","1.229.432.904,00",20/10/2009,21.4,18.6,20,20.05,"22,700",20.1,200,20.15,"8,200",20.5,"106,000",0.50,2.5%,20.5,"18,500",20.6,"15,200",20.65,"8,000",20.5,20,"404,000",,
101,ELC,Công ty Cổ phần Đầu tư Phát triển Công nghệ Điện tử - Viễn thông,"50.928.243,00","50.818.648,00",05/10/2010,12.4,10.8,11.6,11,"20,400",11.1,"6,700",11.2,"48,200",11.2,"30,600",-0.40,-3.4%,11.3,"8,200",11.4,500,11.45,"2,600",11.45,11.1,"486,700","13,300","1,000"
102,EMC,Công ty Cổ phần Cơ điện Thủ Đức,"15.297.333,00","15.297.333,00",31/08/2012,16.75,14.65,15.7,,,14.65,100,14.7,300,,,,,,,,,,,,,,,
103,EVE,Công ty Cổ phần Everpia,"41.979.773,00","38.047.973,00",30/11/2010,15.5,13.5,14.5,13.7,"1,000",13.8,"10,000",14,100,14.35,500,-0.15,-1.0%,14.3,"1,100",14.35,"19,800",14.4,"6,300",14.45,13.6,"12,100","1,200",
104,EVG,Công ty Cổ phần Tập đoàn Everland,"105.000.000,00","105.000.000,00",26/05/2017,10.55,9.21,9.9,9.91,600,9.95,"2,900",9.96,"7,200",10.35,"24,600",0.45,4.5%,10.35,"8,400",10.4,"39,500",10.45,"9,000",10.55,9.86,"1,896,000","11,700","12,600"
105,FCM,Công ty Cổ phần Khoáng sản FECON,"45.099.969,00","45.099.969,00",08/05/2013,7.57,6.59,7.08,6.7,"5,700",6.71,"2,100",6.99,"2,700",7.19,200,0.11,1.6%,7.18,"1,000",7.2,"4,500",7.23,"6,000",7.19,6.62,"77,300",500,
106,FCN,Công ty Cổ phần FECON,"125.439.005,00","125.439.005,00",18/07/2012,13.8,12,12.9,12.9,"57,400",12.95,"41,300",13,"157,100",13.05,"18,200",0.15,1.2%,13.05,"9,600",13.1,"111,800",13.15,"5,000",13.35,12.85,"2,436,100","23,500","562,900"
107,FDC,Công ty Cổ phần Ngoại thương và Phát triển Đầu tư Thành phố Hồ Chí Minh,"38.629.988,00","38.623.488,00",25/12/2009,14.85,12.95,13.9,13,400,13.1,"1,000",13.15,100,13.15,200,-0.75,-5.4%,13.5,"2,500",13.8,200,13.85,500,13.5,12.95,"19,800",,
108,FIR,Công ty Cổ phần Địa ốc First Real,"27.039.864,00","27.039.864,00",04/10/2018,30.8,26.8,28.8,28.5,"16,000",28.6,"15,000",28.7,"8,500",28.7,"5,800",-0.10,-0.3%,28.85,"2,500",28.9,"4,200",28.95,"1,500",29.15,28.7,"117,600",100,
109,FIT,Công ty Cổ phần Tập đoàn F.I.T,"262.730.247,00","262.730.247,00",07/08/2015,23.25,20.25,21.75,,,,,,,20.25,"29,700",-1.50,-6.9%,20.25,"1,197,300",20.3,"2,000",20.35,600,21.8,20.25,"6,340,600","67,500","125,200"
110,FLC,Công ty Cổ phần Tập đoàn FLC,"709.997.807,00","709.997.807,00",29/07/2013,5.86,5.1,5.48,5.83,"60,000",5.84,"15,600",5.85,"48,300",5.86,"865,100",0.38,6.9%,5.86,"594,800",,,,,5.86,5.56,"57,389,700","1,566,900","140,400"
111,FMC,Công ty Cổ phần Thực phẩm Sao Ta,"58.850.000,00","65.388.889,00",20/10/2006,35.6,31,33.3,32.95,"1,900",33,"5,500",33.1,700,33,"14,200",-0.30,-0.9%,33.2,"1,200",33.25,500,33.3,"11,600",33.5,32.95,"251,600","6,500","14,500"
112,FPT,Công ty Cổ phần FPT,"907.551.649,00","907.469.273,00",21/11/2006,70.1,61.1,65.6,66.1,"7,200",66.2,"2,200",66.6,100,66.9,"123,900",1.30,2.0%,66.9,"14,800",67,"220,500",67.1,"63,000",67.5,65.4,"2,090,300",,
113,FRT,Công ty Cổ phần Bán lẻ Kỹ thuật số FPT,"78.981.792,00","78.981.792,00",17/04/2018,35.2,30.6,32.9,32.6,"19,000",32.65,"1,000",32.7,"2,900",32.7,"20,500",-0.20,-0.6%,32.75,"4,400",32.8,"7,400",32.9,"6,000",33.8,32.05,"1,475,400","20,200","63,600"
114,FTM,Công ty Cổ phần Đầu tư và Phát triển Đức Quân,"50.000.000,00","50.000.000,00",16/01/2017,2.28,2,2.14,2.05,"3,000",2.06,"7,800",2.07,"4,600",2.07,"2,000",-0.07,-3.3%,2.09,"6,300",2.1,"31,900",2.12,"7,000",2.22,2.06,"420,600",100,"1,200"
115,FTS,Công ty Cổ phần Chứng khoán FPT,"147.567.297,00","147.563.091,00",05/01/2017,19.4,16.9,18.15,17.2,"31,800",17.3,"9,900",17.35,"8,000",17.4,"9,100",-0.75,-4.1%,17.4,800,17.5,"3,100",17.6,"13,800",18.2,17,"1,062,000","4,300","33,800"
116,GAB,Công ty Cổ phần Đầu tư Khai khoáng & Quản lý Tài sản FLC,"13.800.000,00","13.800.000,00",03/07/2019,209.1,181.9,195.5,195.1,"1,600",195.2,"3,700",195.3,500,195.3,100,-0.20,-0.1%,195.5,700,195.7,"2,500",196.6,"1,400",197.2,195.3,"1,200",,500
117,GAS,Tổng Công ty Khí Việt Nam - Công ty Cổ phần,"1.913.950.000,00","1.913.950.000,00",27/04/2012,93.6,81.4,87.5,86.4,"6,000",86.5,"17,800",86.6,"12,500",86.6,"58,500",-0.90,-1.0%,86.8,"1,300",86.9,"6,400",87.3,500,88,86.4,"1,062,200","136,900","574,100"
118,GDT,Công ty Cổ phần Chế biến Gỗ Đức Thành,"17.980.358,00","17.670.223,00",03/11/2009,42.15,36.65,39.4,39.15,"2,000",39.2,"2,100",39.25,"2,000",39.25,200,-0.15,-0.4%,39.4,"5,200",39.5,"6,400",39.6,"1,000",39.5,39.25,"13,600","2,000",
119,GEG,Công ty Cổ phần Điện Gia Lai,"303.715.526,00","303.715.526,00",28/08/2019,21.3,18.6,19.95,19.5,"53,000",19.55,"10,300",19.7,"1,900",19.75,"6,500",-0.20,-1.0%,19.75,"1,300",19.8,"10,500",19.85,"23,300",20,19.55,"737,600","5,000","17,800"
120,GEX,Công ty Cổ phần Tập đoàn GELEX,"851.495.793,00","851.495.793,00",28/12/2017,24.35,21.25,22.8,22.25,"2,900",22.3,"116,100",22.35,"57,400",22.35,"501,600",-0.45,-2.0%,22.45,"25,300",22.5,"194,500",22.55,"10,100",23.15,22.35,"6,732,900","829,700","1,384,000"
121,GIL,Công ty Cổ phần Sản xuất Kinh doanh Xuất nhập khẩu Bình Thạnh,"43.200.000,00","43.200.000,00",28/12/2001,50.3,43.85,47.1,47.15,"9,300",47.2,"4,800",47.3,"1,300",47.5,"2,100",0.40,0.8%,47.5,"6,100",47.6,"5,000",47.8,"5,000",49.3,47,"432,800","11,000","48,700"
122,GMC,Công ty Cổ phần Garmex Sài Gòn,"33.000.259,00","32.950.999,00",06/12/2006,33.5,29.2,31.35,32.4,400,32.5,200,32.6,200,32.9,"1,200",1.55,4.9%,32.8,"8,200",32.9,"7,700",33,"17,500",33.5,32,"76,200",300,"21,800"
123,GMD,Công ty Cổ phần GEMADEPT,"301.377.957,00","301.377.957,00",08/03/2002,34.95,30.45,32.7,32,"198,000",32.05,300,32.1,"2,300",32.1,"15,300",-0.60,-1.8%,32.15,"1,700",32.2,"5,800",32.25,400,33,31.9,"2,511,900","389,600","569,200"
124,GSP,Công ty Cổ phần Vận tải Sản phẩm Khí Quốc tế,"55.799.445,00","55.799.445,00",20/12/2011,13.55,11.85,12.7,12.3,"1,100",12.35,"2,000",12.4,"7,400",12.4,"2,000",-0.30,-2.4%,12.6,"7,500",12.65,"1,000",12.7,"5,000",12.45,12.4,"18,200",,
125,GTA,Công ty Cổ phần Chế biến Gỗ Thuận An,"10.400.000,00","9.830.000,00",04/07/2007,15.05,13.15,14.1,13.4,"1,500",13.5,"4,600",13.9,"3,000",14,700,-0.10,-0.7%,14,"3,000",14.1,"1,200",14.5,"1,000",14,14,"3,700",,
126,GTN,Công ty Cổ phần GTNFOODS,"250.000.000,00","250.000.000,00",23/09/2014,29.3,25.5,27.4,26.7,"16,100",26.75,"14,200",26.8,"49,100",26.85,"57,300",-0.55,-2.0%,26.85,"10,000",26.9,"30,900",26.95,"17,200",27.4,26.75,"2,281,200","2,800","141,300"
127,GVR,Tập đoàn Công nghiệp Cao su Việt Nam - Công ty Cổ phần,"4.000.000.000,00","4.000.000.000,00",30/12/2019,34.05,29.65,31.85,31.95,100,32,"30,500",32.1,"69,900",32.1,"116,700",0.25,0.8%,32.2,"52,100",32.25,"2,000",32.3,"26,200",33.2,31.2,"6,470,800","16,000","12,900"
128,HAG,Công ty Cổ phần Hoàng Anh Gia Lai,"927.467.947,00","927.399.283,00",15/12/2008,6.42,5.58,6,5.78,"105,700",5.79,"55,400",5.8,"112,800",5.8,"382,800",-0.20,-3.3%,5.82,"28,600",5.83,"33,100",5.84,"1,100",6.07,5.78,"12,360,200","2,100","659,100"
129,HAH,Công ty Cổ phần Vận tải và Xếp dỡ Hải An,"48.782.751,00","48.782.751,00",21/01/2015,19.75,17.25,18.5,18.35,"1,400",18.4,"28,900",18.45,"1,600",18.45,"18,100",-0.05,-0.3%,18.5,"29,000",18.55,500,18.6,200,18.8,18.3,"1,109,100","28,700","9,600"
130,HAI,Công ty Cổ phần Nông dược HAI,"182.682.799,00","182.682.799,00",07/04/2010,3.71,3.23,3.47,3.35,"343,200",3.36,"71,400",3.37,"69,600",3.37,"228,600",-0.10,-2.9%,3.39,600,3.4,"8,000",3.41,300,3.66,3.35,"5,331,600","42,400","94,000"
131,HAP,Công ty Cổ phần Tập đoàn HAPACO,"55.626.621,00","55.471.151,00",02/08/2000,7.8,6.78,7.29,7.15,400,7.19,"1,000",7.2,"6,300",7.22,"7,100",-0.07,-1.0%,7.22,"3,000",7.23,400,7.24,"6,200",7.4,7.2,"805,600","19,900","42,900"
132,HAR,Công ty Cổ phần Đầu tư Thương mại Bất động sản An Dương Thảo Điền,"101.350.100,00","95.684.090,00",10/01/2013,6.4,5.58,5.99,5.79,"2,200",5.8,"56,300",5.81,"35,700",5.81,"35,300",-0.18,-3.0%,5.82,"2,000",5.85,"3,000",5.86,"5,000",6.05,5.81,"753,800","11,200","4,500"
133,HAS,Công ty Cổ phần HACISCO,"8.000.000,00","7.800.000,00",18/12/2002,9.09,7.91,8.5,8.21,500,8.3,"2,800",8.4,"1,100",8.5,"3,000",0.00,0.0%,8.5,"3,100",8.6,"3,000",8.8,"1,700",8.5,8.21,"6,600",,
134,HAX,Công ty Cổ phần Dịch vụ Ô tô Hàng Xanh,"49.516.982,00","49.516.982,00",13/12/2006,21.9,19.1,20.5,21.05,"2,700",21.1,"3,600",21.15,700,21.2,"9,300",0.70,3.4%,21.2,"2,600",21.3,"6,600",21.35,"3,500",21.6,20.3,"400,200","167,300","1,500"
135,HBC,Công ty Cổ phần Tập đoàn Xây dựng Hòa Bình,"242.415.784,00","242.415.784,00",22/11/2006,17.15,14.95,16.05,16.55,"69,500",16.6,"278,100",16.65,"35,400",16.7,"104,200",0.65,4.0%,16.7,"6,900",16.75,"15,800",16.8,"57,900",17.15,16.4,"7,836,400","105,900","195,200"
136,HCD,Công ty Cổ phần Đầu tư Sản xuất và Thương mại HCD,"27.000.000,00","27.000.000,00",27/06/2016,3.32,2.9,3.11,2.95,"7,100",2.97,"11,000",2.98,500,2.99,"34,200",-0.12,-3.9%,2.99,"7,900",3,"4,000",3.04,"5,000",3.14,2.98,"701,900",,
137,HCM,Công ty Cổ phần Chứng khoán Thành phố Hồ Chí Minh,"305.882.263,00","457.211.949,00",20/04/2009,33.7,29.3,31.5,30.7,"35,600",30.75,"70,400",30.8,"161,900",30.8,"122,400",-0.70,-2.2%,30.85,"3,800",30.9,"29,200",31,"37,300",31.6,30.6,"4,443,800","1,028,500","575,600"
138,HDB,Ngân hàng TMCP Phát triển Thành phố Hồ Chí Minh,"2.007.290.642,00","2.012.209.120,00",25/12/2017,27.6,24,25.8,25.8,"415,400",25.85,"3,600",25.9,"9,500",26.1,"236,200",0.30,1.2%,26.1,"32,700",26.15,"15,100",26.2,"165,900",26.45,25.7,"2,937,200","1,853,300","1,699,500"
139,HDC,Công ty Cổ phần Phát triển nhà Bà Rịa – Vũng Tàu,"86.469.664,00","86.469.664,00",25/09/2007,42.2,36.7,39.45,40.65,"31,300",40.7,"28,400",40.8,200,40.85,"12,500",1.40,3.5%,40.85,700,40.9,"6,200",40.95,"1,100",41.6,40.05,"1,587,900","18,300","3,100"
140,HDG,Công ty Cổ phần Tập đoàn Hà Đô,"163.631.718,00","196.357.415,00",19/01/2010,46.25,40.25,43.25,45.45,"9,000",45.5,"42,000",45.55,"2,800",45.55,"45,800",2.30,5.3%,45.7,"24,100",45.75,200,45.8,"30,100",46.25,43.1,"4,196,400","21,200","27,200"
141,HHS,Công ty Cổ phần Đầu tư Dịch vụ Hoàng Huy,"274.744.063,00","321.448.153,00",13/12/2011,7.59,6.61,7.1,6.88,"2,000",6.89,400,6.9,"278,300",6.9,"306,000",-0.20,-2.8%,6.98,"16,700",6.99,"2,500",7,"57,100",7.17,6.9,"6,142,900","53,800","92,300"
142,HID,Công ty Cổ phần Halcom Việt Nam,"58.765.032,00","58.759.391,00",22/06/2016,3.89,3.39,3.64,3.57,800,3.58,"40,000",3.59,"24,400",3.6,"22,600",-0.04,-1.1%,3.6,700,3.65,"3,000",3.66,"5,000",3.68,3.5,"1,191,100",,"88,200"
143,HII,Công ty Cổ phần An Tiến Industries,"36.831.508,00","36.831.508,00",14/06/2017,22.75,19.85,21.3,21.2,"14,500",21.3,"19,700",21.35,"12,700",21.4,"11,400",0.10,0.5%,21.4,"12,800",21.5,"21,500",21.55,"3,200",21.6,20.85,"525,400","8,100","6,100"
144,HMC,Công ty Cổ phần Kim khí Thành phố Hồ Chí Minh - Vnsteel,"21.000.000,00","21.000.000,00",28/11/2006,18.1,15.8,16.95,16.4,"1,500",16.45,"9,500",16.7,700,16.7,"1,200",-0.25,-1.5%,16.75,"1,200",16.8,"5,000",16.85,100,17.3,16.3,"51,000",,
145,HNG,Công ty Cổ phần Nông nghiệp Quốc tế Hoàng Anh Gia Lai,"1.108.553.895,00","1.108.553.895,00",10/07/2015,15.75,13.75,14.75,14.05,"5,000",14.1,"3,700",14.2,"10,000",14.3,"387,900",-0.45,-3.1%,14.3,"17,100",14.35,"21,000",14.4,"58,700",14.75,13.95,"7,622,300","78,700","388,200"
146,HOT,Công ty Cổ phần Du lịch Dịch vụ Hội An,"8.000.000,00","7.999.937,00",13/07/2011,28.9,25.2,27.05,,,25.2,600,28.9,"4,300",,,,,,,,,,,,,,,
147,HPG,Công ty Cổ phần Tập đoàn Hòa Phát,"4.472.922.706,00","4.472.922.706,00",31/10/2007,47.25,41.15,44.2,43.5,"386,800",43.55,"157,600",43.6,"260,500",43.65,"319,900",-0.55,-1.2%,43.65,"3,900",43.7,"49,400",43.75,"59,200",44.7,43.55,"14,798,600","1,255,800","4,256,800"
148,HPX,Công ty Cổ phần Đầu tư Hải Phát,"304.168.581,00","304.168.581,00",02/07/2018,37,32.2,34.6,34,"12,500",34.1,"3,500",34.3,"1,000",34.4,200,-0.20,-0.6%,34.4,"9,300",34.5,"15,900",34.6,"12,200",34.8,34,"485,700",,"2,700"
149,HQC,Công ty Cổ phần Tư vấn – Thương mại – Dịch vụ Địa ốc Hoàng Quân,"476.600.000,00","476.599.274,00",12/10/2010,3.13,2.73,2.93,2.84,"23,200",2.85,"278,200",2.86,"168,300",2.86,"471,400",-0.07,-2.4%,2.89,"43,200",2.9,"319,200",2.91,"15,500",3.06,2.83,"20,051,300","145,100","160,300"
150,HRC,Công ty Cổ phần Cao su Hòa Bình,"30.206.622,00","30.206.622,00",22/11/2006,64.2,55.8,60,57,"5,000",58,"5,300",60,200,60,"7,000",0.00,0.0%,64,200,64.2,200,,,60,60,"7,000",,
151,HSG,Công ty Cổ phần Tập đoàn Hoa Sen,"493.481.896,00","493.481.896,00",05/11/2008,28.05,24.45,26.25,26.35,"40,600",26.4,"56,500",26.45,600,26.5,"463,400",0.25,1.0%,26.5,"11,900",26.55,"54,200",26.6,"152,000",27.2,26,"10,045,700","53,100","357,900"
152,HSL,Công ty Cổ phần Đầu tư Phát triển Thực phẩm Hồng Hà,"17.167.144,00","17.167.144,00",26/04/2018,6.58,5.72,6.15,6.15,"3,100",6.16,"1,400",6.35,"1,900",6.38,"2,600",0.23,3.7%,6.38,"7,300",6.39,"4,400",6.4,"7,300",6.39,6.15,"173,300",,
153,HT1,Công ty Cổ phần Xi măng Hà Tiên 1,"381.589.911,00","381.541.911,00",31/10/2007,18.85,16.45,17.65,17.6,"46,600",17.65,"29,100",17.7,"32,700",17.75,"14,100",0.10,0.6%,17.75,"1,100",17.8,"1,100",17.9,"22,600",18.15,17.65,"659,900","4,600","11,700"
154,HTI,Công ty Cổ phần Đầu tư Phát triển Hạ tầng IDICO,"24.949.200,00","24.949.200,00",09/12/2010,18.15,15.85,17,16.2,"3,500",16.5,"13,200",16.7,"1,200",16.7,"4,000",-0.30,-1.8%,16.8,"1,700",16.9,"1,500",16.95,"5,700",17,16.7,"72,200","1,600",700
155,HTL,Công ty Cổ phần Kỹ thuật và Ô tô Trường Long,"12.000.000,00","12.000.000,00",19/10/2010,20.3,17.7,19,,,,,17.7,600,17.7,800,-1.30,-6.8%,18.7,"1,000",19,"1,800",19.5,"2,700",18.3,17.7,"1,300",,
156,HTN,Công ty Cổ phần Hưng Thịnh Incons,"89.116.411,00","89.116.411,00",24/10/2018,50.2,43.7,46.95,46.9,"5,000",47,100,47.1,800,47.2,"2,600",0.25,0.5%,47.2,700,47.3,100,47.4,100,48,46.3,"110,900","5,400",
157,HTV,Công ty Cổ phần Logistics Vicem,"13.104.000,00","13.104.000,00",07/12/2005,15.7,13.7,14.7,13.7,100,14.3,"5,600",14.5,"1,000",14.7,200,0.00,0.0%,15.4,800,15.5,500,15.6,"1,000",14.7,14.7,500,,
158,HU1,Công ty Cổ phần Đầu tư và Xây dựng HUD1,"10.000.000,00","10.000.000,00",20/10/2011,8.88,7.72,8.3,8.31,"1,000",8.5,"1,000",8.56,"1,000",,,,,,,,,,,,,,,
159,HU3,Công ty Cổ phần Đầu tư và Xây dựng HUD3,"9.999.944,00","9.999.944,00",02/03/2011,8.77,7.63,8.2,,,,,,,,,,,8.55,"4,200",8.6,200,8.77,"1,200",,,,,
160,HUB,Công ty Cổ phần Xây lắp Thừa Thiên Huế,"19.057.316,00","19.057.316,00",18/12/2018,29.4,25.6,27.5,26.8,"5,000",27,"10,000",27.5,"4,000",27.5,"12,100",0.00,0.0%,28.5,"16,400",28.7,"2,000",29,"11,600",29,25.65,"105,200","70,000","1,800"
161,HVH,Công ty Cổ phần Đầu tư và Công nghệ HVC,"36.949.995,00","36.949.995,00",20/11/2018,10.95,9.54,10.25,9.98,200,10,"40,700",10.05,"9,700",10.2,"6,000",-0.05,-0.5%,10.2,"11,000",10.25,"15,100",10.3,"43,800",10.25,10,"237,800",,
162,HVN,Tổng Công ty Hàng không Việt Nam - CTCP,"2.214.394.174,00","2.214.394.174,00",11/04/2019,31.5,27.4,29.45,29.05,"12,000",29.1,"9,400",29.15,"30,700",29.2,"12,000",-0.25,-0.8%,29.2,"1,100",29.25,900,29.3,"21,900",29.7,29,"1,001,700","41,200","75,700"
163,HVX,Công ty Cổ phần Xi măng Vicem Hải Vân,"38.525.250,00","41.525.250,00",31/08/2010,4.28,3.72,4,3.79,500,3.8,"12,200",3.81,200,3.8,"4,100",-0.20,-5.0%,4.18,"5,900",4.19,"6,900",4.2,"7,500",4.22,3.72,"22,200",,
164,IBC,Công ty Cổ phần Đầu tư Apax Holdings,"83.150.661,00","83.150.661,00",06/12/2017,22.3,19.4,20.85,20.8,"14,300",20.85,"13,300",20.9,"2,900",20.9,"6,300",0.05,0.2%,21,100,21.2,100,21.45,"1,100",20.9,19.75,"103,100",100,"11,500"
165,ICT,Công ty Cổ phần Viễn thông - Tin học Bưu điện,"32.185.000,00","32.185.000,00",27/12/2019,27.6,24,25.8,25.8,"3,100",25.9,"2,500",26,"75,000",26.25,"4,100",0.45,1.7%,26.25,"23,100",26.3,"14,600",26.4,"1,100",26.4,25.8,"91,600",,
166,IDI,Công ty Cổ phần Đầu tư và Phát triển Đa Quốc Gia I.D.I,"227.644.608,00","227.644.608,00",17/05/2011,7.68,6.68,7.18,7.31,"7,100",7.32,"8,600",7.33,300,7.34,"30,100",0.16,2.2%,7.34,"5,100",7.35,"2,300",7.37,"16,200",7.58,7.18,"2,401,500","9,100","67,800"
167,IJC,Công ty Cổ phần Phát triển Hạ tầng Kỹ thuật,"217.097.323,00","217.097.323,00",05/04/2010,26.6,23.2,24.9,24.9,"11,000",24.95,"6,700",25,"4,000",25.05,"29,200",0.15,0.6%,25.05,"20,100",25.1,"14,000",25.15,"20,000",25.5,24.8,"1,943,300","27,100","15,600"
168,ILB,Công ty Cổ phần ICD Tân Cảng - Long Bình,"24.502.245,00","24.502.245,00",07/05/2019,27.75,24.15,25.95,25.6,"1,100",25.65,700,25.7,"2,400",25.7,100,-0.25,-1.0%,26,"2,200",26.1,"1,700",26.2,"1,700",26.3,25.65,"34,800",,
169,IMP,Công ty Cổ phần Dược phẩm Imexpharm,"66.705.370,00","66.671.570,00",15/11/2006,59.7,51.9,55.8,56.1,"4,000",56.2,"1,000",56.6,"2,400",56.6,900,0.80,1.4%,57.2,"2,200",57.3,"1,200",57.4,600,57,55.9,"41,200",600,600
170,ITA,Công ty Cổ phần Đầu tư và Công nghiệp Tân Tạo,"938.463.607,00","938.321.575,00",11/01/2006,8.66,7.54,8.1,7.96,"36,000",7.97,"30,400",7.98,"124,600",7.98,"360,500",-0.12,-1.5%,7.99,"50,000",8,"342,300",8.01,"6,000",8.29,7.96,"15,069,300","2,400","87,200"
171,ITC,Công ty Cổ phần Đầu tư - Kinh doanh Nhà,"87.654.427,00","87.214.067,00",24/09/2009,18.8,16.4,17.6,18.4,"2,000",18.5,"1,400",18.6,"2,000",18.8,"2,400",1.20,6.8%,18.8,"19,900",,,,,18.8,17.6,"133,600",,"10,100"
172,ITD,Công ty Cổ phần Công nghệ Tiên Phong,"19.064.798,00","18.992.610,00",13/12/2011,11.95,10.45,11.2,10.7,"5,400",10.75,400,10.8,"1,100",10.8,"5,000",-0.40,-3.6%,10.9,"15,800",11,"2,900",11.1,"8,000",11.2,10.7,"130,400",,
173,JVC,Công ty Cổ phần Đầu tư và Phát triển Y tế Việt Nhật,"112.500.171,00","112.500.171,00",01/06/2011,6.08,5.3,5.69,5.55,"1,600",5.56,500,5.6,"2,800",5.69,"52,800",0.00,0.0%,5.69,"7,500",5.7,"18,600",5.71,"3,300",5.75,5.5,"1,076,700","38,700","7,100"
174,KBC,Tổng Công ty Phát triển Đô Thị Kinh Bắc – Công ty Cổ phần,"575.711.167,00","569.760.189,00",07/12/2009,42.55,37.05,39.8,42.45,"108,500",42.5,"165,200",42.55,"1,450,500",42.55,"30,200",2.75,6.9%,,,,,,,42.55,41.1,"7,671,300","741,700","1,265,600"
175,KDC,Công ty Cổ phần Tập đoàn Kido,"279.741.356,00","251.624.010,00",18/11/2005,44.5,38.7,41.6,42.7,700,42.8,800,42.9,"20,000",43,"102,100",1.40,3.4%,43,"8,500",43.1,"11,500",43.15,300,44,41.6,"1,381,800","65,100","66,100"
176,KDH,Công ty Cổ phần Đầu tư và Kinh doanh Nhà Khang Điền,"642.937.069,00","642.937.069,00",21/01/2010,35.3,30.7,33,33.7,"4,000",33.8,"6,000",33.9,"6,000",33.95,"80,600",0.95,2.9%,33.95,"1,900",34,"26,500",34.05,"9,600",34.15,32.9,"1,412,300","514,500","356,800"
177,KHP,Công ty Cổ phần Điện lực Khánh Hòa,"57.571.016,00","57.471.442,00",08/12/2006,7.81,6.79,7.3,7.77,200,7.8,"40,100",7.81,"150,300",7.81,"1,100",0.51,7.0%,,,,,,,7.81,7.22,"1,241,200",400,"54,000"
178,KMR,Công ty Cổ phần MIRAE,"56.881.443,00","56.877.807,00",23/06/2008,3.41,2.97,3.19,3.04,100,3.05,"14,000",3.06,"11,800",3.06,"8,800",-0.13,-4.1%,3.1,100,3.11,600,3.12,"3,300",3.22,3,"359,700",600,
179,KOS,Công ty Cổ phần KOSY,"216.481.335,00","216.481.335,00",08/07/2019,26.2,22.8,24.5,24.4,"5,100",24.45,"4,900",24.5,"1,100",24.5,"1,000",0.00,0.0%,24.55,"1,100",24.6,"1,100",24.7,"5,300",24.85,24.3,"303,000","9,900",
180,KPF,Công ty Cổ phần Đầu tư Tài chính Hoàng Minh,"57.968.933,00","60.867.241,00",18/02/2016,14.25,12.45,13.35,,,,,12.45,500,12.85,"20,400",-0.50,-3.7%,12.85,300,12.9,"26,000",13.3,"14,700",13.35,12.45,"60,300",,
181,KSB,Công ty Cổ phần Khoáng sản và Xây dựng Bình Dương,"73.631.202,00","73.295.802,00",17/12/2009,34.75,30.25,32.5,31.6,"32,700",31.65,"8,400",31.7,"20,900",31.7,"48,700",-0.80,-2.5%,31.75,"15,000",31.8,"2,300",31.85,"5,400",32.45,31.6,"1,325,900","2,400","61,000"
182,L10,Công ty Cổ phần Lilama 10,"9.890.000,00","9.790.000,00",11/12/2007,18.9,16.5,17.7,,,16.5,200,16.6,"1,400",16.6,200,-1.10,-6.2%,18.85,200,,,,,16.6,16.6,200,,
183,LAF,Công ty Cổ phần Chế biến Hàng xuất khẩu Long An,"14.728.019,00","14.728.019,00",11/12/2000,11.3,9.86,10.6,9.9,500,9.95,500,10.2,500,11.2,300,0.60,5.7%,10.8,"1,400",11,300,11.1,500,11.2,10.5,"1,800",,
184,LBM,Công ty Cổ phần Khoáng sản và Vật liệu Xây dựng Lâm Đồng,"10.000.000,00","10.000.000,00",30/11/2006,49.5,43.1,46.3,,,43.1,100,43.5,300,43.5,"4,000",-2.80,-6.0%,47.3,"2,000",47.5,200,48,100,46.7,43.5,"11,500",,"9,000"
185,LCG,Công ty Cổ phần LICOGI 16,"174.404.824,00","172.404.486,00",17/10/2008,15.3,13.3,14.3,14.6,"22,000",14.65,"32,700",14.7,"52,900",14.75,"134,100",0.45,3.1%,14.75,"19,400",14.8,"33,100",14.85,"27,900",15.3,14.5,"4,821,000","2,100","202,300"
186,LCM,Công ty Cổ phần Khai thác và Chế biến Khoáng sản Lào Cai,"24.633.000,00","24.632.809,00",08/09/2011,1.58,1.38,1.48,1.46,500,1.47,"5,000",1.48,"7,600",1.48,"7,600",0.00,0.0%,1.5,"30,900",1.51,300,1.55,"52,200",1.58,1.48,"165,100",,
187,LDG,Công ty Cổ phần Đầu tư LDG,"240.212.451,00","239.447.211,00",05/08/2015,8.48,7.38,7.93,7.8,"192,500",7.81,"19,400",7.82,"85,700",7.83,"154,500",-0.10,-1.3%,7.88,"27,700",7.89,"10,700",7.9,"4,600",8.13,7.76,"7,940,900",100,"534,800"
188,LEC,Công ty Cổ phần Bất động sản Điện lực Miền Trung,"26.100.000,00","26.100.000,00",05/06/2017,13.7,12,12.85,12.2,"1,300",12.5,500,12.55,600,13.15,300,0.30,2.3%,13.15,100,13.2,"1,000",13.25,"1,300",13.45,12.85,700,,
189,LGC,Công ty Cổ phần Đầu tư Cầu Đường CII,"192.854.765,00","192.854.765,00",29/11/2006,70.9,61.7,66.3,61.7,100,62,100,70.8,"3,000",70.9,100,4.60,6.9%,70.9,100,,,,,70.9,61.7,"1,400",,
190,LGL,Công ty Cổ phần Đầu tư và Phát triển Đô thị Long Giang,"51.500.000,00","51.497.100,00",23/09/2009,6.46,5.62,6.04,5.86,900,5.87,"2,400",5.9,"2,000",5.94,100,-0.10,-1.7%,5.94,300,5.95,"10,200",6,"4,900",6.03,5.86,"76,700",500,
191,LHG,Công ty Cổ phần Long Hậu,"50.012.010,00","50.012.010,00",15/03/2010,37.95,33.05,35.5,36.2,"3,000",36.45,"34,300",36.5,"1,000",36.9,"2,700",1.40,3.9%,36.8,"1,200",36.9,"2,100",36.95,"2,000",37.7,36,"589,900","4,500","8,300"
192,LIX,Công ty Cổ phần Bột giặt LIX,"32.400.000,00","32.400.000,00",01/12/2009,56.7,49.3,53,53,"25,300",53.1,"1,000",53.2,200,53.2,"5,300",0.20,0.4%,53.4,"2,000",53.5,"2,500",53.6,"4,300",53.9,53.1,"85,200","38,500","21,600"
193,LM8,Công ty Cổ phần Lilama 18,"9.388.682,00","9.388.682,00",05/11/2010,13.7,12,12.85,12.15,100,12.5,"1,000",12.55,100,12.7,500,-0.15,-1.2%,13,"10,300",13.5,100,13.65,500,12.8,12.5,"2,900",,
194,LPB,Ngân hàng Thương mại Cổ phần Bưu điện Liên Việt,"1.203.590.474,00","1.203.590.474,00",14/10/2020,15.15,13.25,14.2,14.25,"112,800",14.3,"92,500",14.35,"163,500",14.35,"383,700",0.15,1.1%,14.4,"381,300",14.45,"488,600",14.5,"1,032,800",14.45,14.15,"15,290,300","1,815,800","335,300"
195,LSS,Công ty Cổ phần Mía đường Lam Sơn,"70.000.000,00","70.000.000,00",21/12/2007,12.15,10.65,11.4,11.45,"5,100",11.5,"11,600",11.6,"13,900",11.7,"6,100",0.30,2.6%,11.7,"15,300",11.75,"22,800",11.8,"12,100",12.1,11.6,"1,519,100","3,600","8,300"
196,MBB,Ngân hàng Thương mại Cổ phần Quân Đội,"3.778.321.777,00","3.778.321.777,00",18/10/2011,27.6,24,25.8,25.5,"523,900",25.55,"520,400",25.6,"12,700",25.6,"608,800",-0.20,-0.8%,25.65,"224,000",25.7,"179,900",25.75,"62,100",25.95,25.3,"12,400,500","641,800","347,400"
197,MCG,Công ty Cổ phần Năng lượng và Bất động sản MCG,"57.510.000,00","52.050.000,00",16/09/2009,3.29,2.87,3.08,3.09,"1,900",3.1,"1,000",3.11,"1,900",3.22,500,0.14,4.5%,3.22,"105,500",3.23,"21,600",3.24,"7,600",3.24,3.09,"115,900",200,
198,MCP,Công ty Cổ phần In và Bao bì Mỹ Châu,"15.071.337,00","15.052.615,00",18/12/2006,28.3,24.6,26.45,,,,,,,,,,,26.4,700,27.7,"1,200",27.8,100,,,,,
199,MDG,Công ty Cổ phần Miền Đông,"10.889.031,00","10.324.781,00",05/01/2011,11.75,10.25,11,10.5,600,10.8,100,11.4,200,11.4,100,0.40,3.6%,11.45,100,11.75,500,,,11.4,10.8,"1,200",,
200,MHC,Công ty Cổ phần MHC,"41.406.964,00","41.406.844,00",31/12/2004,9.15,7.97,8.56,8.76,"1,000",8.77,"25,400",8.78,"4,600",8.78,"52,700",0.22,2.6%,8.79,"9,000",8.8,"30,700",8.81,"12,100",9.03,8.68,"1,542,300","14,000",
201,MIG,Tổng Công ty Cổ phần Bảo hiểm Quân đội,"143.000.000,00","143.000.000,00",30/12/2020,19.9,17.3,18.6,18.5,"59,800",18.55,"12,400",18.6,"37,000",18.6,"37,500",0.00,0.0%,18.65,"6,400",18.7,"36,100",18.75,"20,400",19.1,18.6,"1,045,700",,
202,MSB,Ngân hàng Thương mại Cổ phần Hàng Hải Việt Nam,"1.527.500.000,00","1.527.500.000,00",14/12/2020,19.75,17.25,18.5,18.45,"33,400",18.5,"15,700",18.55,"15,100",18.6,"138,700",0.10,0.5%,18.6,"106,000",18.65,"168,400",18.7,"137,600",18.75,18.35,"6,146,500","2,000",
203,MSH,Công ty Cổ phần May Sông Hồng,"50.009.400,00","50.009.400,00",20/11/2018,44.8,39,41.9,42.6,"6,000",42.7,"1,000",42.75,"3,000",42.8,200,0.90,2.1%,42.8,800,42.85,300,42.9,700,43.5,41.5,"126,400","1,200",300
204,MSN,Công ty Cổ phần Tập đoàn MaSan,"1.180.534.692,00","1.180.534.692,00",30/10/2009,97.9,85.1,91.5,92.6,"1,500",93,"12,800",93.1,500,93.3,"91,800",1.80,2.0%,93.2,"14,200",93.5,"24,300",93.6,500,95.2,91,"3,060,300","781,300","256,000"
205,MWG,Công ty Cổ phần Đầu tư Thế Giới Di Động,"713.065.495,00","712.833.495,00",07/07/2014,133.7,116.3,125,126.9,"20,000",127,"21,600",127.1,200,127.2,"16,600",2.20,1.8%,127.2,800,127.3,"2,400",127.4,"13,000",127.4,124.8,"1,422,700","100,000","100,000"
206,NAF,Công ty Cổ phần Nafoods Group,"50.564.152,00","50.564.090,00",28/09/2015,24.15,21.05,22.6,23,"3,000",23.2,"2,000",23.3,"11,000",23.3,"5,800",0.70,3.1%,23.4,"1,000",23.45,"7,900",23.5,"8,000",23.75,21.05,"222,400","3,200","2,200"
207,NAV,Công ty Cổ phần Nam Việt,"8.000.000,00","7.999.980,00",30/11/2006,19.75,17.25,18.5,17.25,400,17.3,"3,000",17.35,"3,000",17.3,100,-1.20,-6.5%,,,,,,,17.3,17.25,500,,
208,NBB,Công ty Cổ phần Đầu tư Năm Bảy Bảy,"100.475.656,00","100.159.795,00",20/11/2008,25.65,22.35,24,22.7,500,24,200,24.05,"1,000",24.05,100,0.05,0.2%,24.85,"1,500",24.9,"2,300",25,200,24.05,24,"2,800",,
209,NCT,Công ty Cổ phần Dịch vụ Hàng hóa Nội Bài,"26.166.940,00","26.165.732,00",09/12/2014,76.5,66.5,71.5,69.7,"3,600",69.8,"1,400",70,"10,000",71,100,-0.50,-0.7%,71,"1,700",71.2,"2,600",71.3,"7,800",71.5,69.6,"47,700","13,000","30,000"
210,NHA,Tổng Công ty Đầu tư Phát triển Nhà và Đô thị Nam Hà Nội,"28.116.550,00","28.116.550,00",30/12/2020,23.95,20.85,22.4,22.1,"10,400",22.2,"8,500",22.3,900,22.4,100,0.00,0.0%,22.4,"4,500",22.5,"17,600",22.6,"4,200",22.8,22.1,"194,200",300,
211,NHH,Công ty Cổ phần Nhựa Hà Nội,"36.440.000,00","36.440.000,00",22/11/2019,70.7,61.5,66.1,67.1,"3,300",67.2,"1,900",67.3,"1,600",67.4,"2,800",1.30,2.0%,67.4,"7,900",67.5,"5,000",67.7,"2,200",68.5,64.5,"416,600","16,000","2,900"
212,NKG,Công ty Cổ phần Thép Nam Kim,"218.398.568,00","219.398.568,00",10/01/2011,17.4,15.2,16.3,16.4,"19,500",16.45,"9,200",16.5,"54,800",16.55,"96,100",0.25,1.5%,16.55,"152,500",16.6,"85,500",16.65,"36,300",16.85,16.3,"5,204,500","74,400","23,500"
213,NLG,Công ty Cổ phần Đầu tư Nam Long,"382.940.013,00","382.940.013,00",25/01/2013,34.95,30.45,32.7,33.8,"30,300",33.85,"20,200",33.9,"10,000",33.95,"36,500",1.25,3.8%,33.95,"1,500",34,"24,600",34.05,"28,600",34.1,32.6,"2,377,700","503,100","116,400"
214,NNC,Công ty Cổ phần Đá Núi Nhỏ,"21.920.000,00","21.920.000,00",10/06/2010,40.9,35.6,38.25,38,"7,800",38.05,500,38.1,100,38.25,300,0.00,0.0%,38.25,"1,600",38.3,"11,600",38.35,"3,200",38.3,38.1,"48,700","7,300","6,000"
215,NSC,Công ty Cổ phần Tập đoàn Giống cây trồng Việt Nam,"17.586.988,00","17.574.516,00",01/12/2006,84.5,73.5,79,78.7,700,79,"1,400",79.1,100,79.2,100,0.20,0.3%,79.7,600,79.9,"1,000",80,"2,100",80,79,"10,200",100,
216,NT2,Công ty Cổ phần Điện lực Dầu khí Nhơn Trạch 2,"287.876.029,00","287.876.029,00",02/06/2015,26.05,22.65,24.35,23.75,"1,700",23.8,"31,800",23.85,"1,000",23.85,"13,000",-0.50,-2.1%,23.9,"34,100",23.95,"1,300",24,"15,700",24.4,23.85,"596,200","19,700","216,200"
217,NTL,Công ty Cổ phần Phát triển Đô thị Từ Liêm,"60.989.950,00","60.989.950,00",06/12/2007,24.65,21.45,23.05,23.15,"2,100",23.2,"6,800",23.25,"4,000",23.25,"12,000",0.20,0.9%,23.3,"2,300",23.35,"1,000",23.4,"3,000",23.75,22.6,"648,100","121,300","21,400"
218,NVL,Công ty Cổ phần Tập đoàn Đầu tư Địa ốc No Va,"1.473.605.619,00","1.930.421.319,00",19/12/2016,81.2,70.6,75.9,78.7,"48,400",78.8,"47,000",78.9,"44,600",79,"67,400",3.10,4.1%,79,"1,400",79.1,"3,800",79.2,"20,900",80,75,"5,587,300","2,710,000","381,500"
219,NVT,Công ty Cổ phần Bất động sản Du lịch Ninh Vân Bay,"90.500.000,00","90.500.000,00",28/04/2010,6.19,5.39,5.79,5.55,100,5.7,200,5.75,600,5.8,400,0.01,0.2%,5.8,100,5.89,500,5.9,"1,000",5.95,5.5,"16,700",,
220,OGC,Công ty Cổ phần Tập đoàn Đại Dương,"300.000.000,00","299.999.999,00",16/04/2010,8.98,7.82,8.4,8,"36,000",8.01,"20,400",8.02,"10,300",8.02,"67,000",-0.38,-4.5%,8.1,100,8.14,900,8.16,200,8.5,8,"622,300","1,800","23,600"
221,OPC,Công ty Cổ phần Dược phẩm OPC,"26.577.280,00","26.577.280,00",20/10/2008,67.9,59.1,63.5,59.7,300,60,"1,200",60.1,100,,,,,63,"1,000",63.4,300,63.5,"1,500",,,,,
222,PAC,Công ty Cổ phần Pin Ắc quy miền Nam,"46.471.707,00","46.471.707,00",09/11/2006,30.95,26.95,28.95,28.6,300,28.9,100,28.95,300,29,"1,600",0.05,0.2%,29.1,"1,200",29.2,"2,800",29.25,"6,700",29.25,28.9,"12,200",600,"2,600"
223,PAN,Công ty Cổ phần Tập đoàn PAN,"216.358.580,00","208.894.750,00",18/11/2010,33.7,29.3,31.5,31.2,"2,500",31.3,"2,600",31.4,"16,300",31.4,"7,800",-0.10,-0.3%,31.5,600,31.55,"2,300",31.6,"4,500",32.2,31,"1,059,200","2,300","28,000"
224,PC1,Công ty Cổ phần Xây lắp Điện I,"235.159.649,00","235.159.649,00",09/11/2016,23.8,20.7,22.25,22.8,"31,900",22.85,"20,400",22.9,100,22.95,"5,000",0.70,3.1%,22.95,"8,400",23,"10,600",23.05,"16,400",23.3,22.7,"518,200",,"16,200"
225,PDN,Công ty Cổ phần Cảng Đồng Nai,"18.521.954,00","18.521.954,00",04/08/2011,86.6,75.4,81,,,80,100,80.5,500,80.5,100,-0.50,-0.6%,85,400,,,,,80.5,80.5,100,,100
226,PDR,Công ty Cổ phần Phát triển Bất động sản Phát Đạt,"492.771.916,00","492.771.916,00",22/07/2010,57.1,49.7,53.4,55.1,"57,600",55.2,"25,200",55.3,"14,400",55.4,"15,900",2.00,3.7%,55.4,"9,400",55.5,"12,300",55.6,"12,500",55.6,53,"4,401,900","146,800",
227,PET,Tổng Công ty Cổ phần Dịch vụ Tổng hợp Dầu khí,"90.450.124,00","89.837.424,00",13/08/2007,18.7,16.3,17.5,17.6,"4,700",17.65,"2,600",17.7,"8,500",17.75,"32,500",0.25,1.4%,17.75,"1,500",17.8,"21,300",17.85,"3,000",18.4,17.2,"2,398,800","31,000","10,000"
228,PGC,Tổng Công ty Gas Petrolimex - Công ty Cổ phần,"60.342.638,00","60.339.285,00",20/10/2006,19.8,17.3,18.55,18,"1,500",18.25,300,18.3,100,18.3,400,-0.25,-1.3%,18.45,"2,000",18.5,"30,000",18.55,"1,000",18.55,18,"29,500",800,
229,PGD,Công ty Cổ phần Phân phối Khí thấp áp Dầu khí Việt Nam,"89.999.025,00","89.998.070,00",19/11/2009,35.3,30.7,33,32,"7,000",32.05,200,32.1,300,32.1,100,-0.90,-2.7%,33.9,400,33.95,300,34,"6,100",34,32,"10,300",,
230,PGI,Tổng Công ty Cổ phần Bảo hiểm Petrolimex,"88.717.773,00","88.717.773,00",08/06/2011,21.4,18.6,20,19.7,200,19.8,300,20,"2,500",20,100,0.00,0.0%,20.8,"1,200",20.9,"2,800",21,"13,200",21,19.9,"8,400","4,500",600
231,PHC,Công ty Cổ phần Xây dựng Phục Hưng Holdings,"50.602.094,00","50.681.927,00",12/09/2018,13.05,11.35,12.2,11.9,"9,000",12,400,12.05,"19,900",12.1,"12,900",-0.10,-0.8%,12.1,400,12.15,"3,000",12.2,"16,500",12.3,12,"63,000",,"6,300"
232,PHR,Công ty Cổ phần Cao su Phước Hòa,"135.499.198,00","135.499.198,00",04/08/2009,72.4,63,67.7,65.6,"12,100",65.7,"7,000",65.8,"9,500",65.9,"94,400",-1.80,-2.7%,65.9,"7,200",66,"20,400",66.1,"3,300",67.5,65.4,"1,161,800","202,600","205,500"
233,PIT,Công ty Cổ phần Xuất nhập khẩu Petrolimex,"15.199.345,00","14.210.225,00",09/01/2008,6.63,5.77,6.2,5.77,"4,100",5.8,"1,600",6.1,100,6.1,100,-0.10,-1.6%,6.2,200,6.3,"30,900",6.35,"1,200",6.2,6.1,"3,400",,
234,PJT,Công ty Cổ phần Vận tải Xăng dầu Đường thủy Petrolimex,"23.040.717,00","23.040.717,00",11/12/2006,13.35,11.65,12.5,11.7,"10,000",11.8,100,12,"10,000",12.5,"10,000",0.00,0.0%,12.7,600,12.8,"1,600",13,"8,000",13.2,12.5,"12,400",,
235,PLP,Công ty Cổ phần Sản xuất và Công nghệ Nhựa Pha Lê,"40.000.000,00","39.999.847,00",11/08/2017,12.85,11.25,12.05,11.75,"1,100",11.8,"44,500",11.85,"51,500",11.9,"32,600",-0.15,-1.2%,11.9,"15,400",11.95,700,12,"2,800",12.4,11.85,"643,200","12,000","9,400"
236,PLX,Tập đoàn Xăng dầu Việt Nam,"1.293.878.081,00","1.270.592.235,00",14/04/2017,58.7,51.1,54.9,54.1,"4,100",54.2,"10,700",54.3,"15,900",54.3,"48,200",-0.60,-1.1%,54.7,"4,300",54.8,"2,500",54.9,200,55.8,54.3,"990,800","652,600","1,030,000"
237,PMG,Công ty Cổ phần Đầu tư và Sản xuất Petro Miền Trung,"46.336.278,00","46.336.278,00",27/12/2017,18.5,16.1,17.3,,,,,,,16.1,"1,400",-1.20,-6.9%,17.3,100,17.35,100,17.4,400,17.3,16.1,"9,400",,
238,PNC,Công ty Cổ phần Văn hóa Phương Nam,"11.040.241,00","10.799.351,00",21/06/2005,10.15,8.84,9.5,,,,,8.84,"1,100",10.1,"2,500",0.60,6.3%,10,"7,600",10.1,"12,900",10.15,"6,800",10.1,10.1,"2,500",,
239,PNJ,Công ty Cổ phần Vàng bạc Đá quý Phú Nhuận,"227.612.362,00","227.366.563,00",26/12/2008,88.1,76.7,82.4,83.7,"1,000",83.8,"8,500",83.9,"8,100",84,"5,000",1.60,1.9%,84,"7,400",84.1,"1,100",84.2,"10,000",85,82.7,"716,000",,
240,POM,Công ty Cổ phần Thép POMINA,"279.676.336,00","278.543.546,00",07/04/2010,14.75,12.85,13.8,13.8,"19,500",13.85,"2,000",13.9,"33,600",14,"5,200",0.20,1.4%,14,"7,000",14.1,"3,800",14.2,800,14.7,13.85,"399,300",,
241,POW,Tổng Công ty Điện lực Dầu khí Việt Nam - CTCP,"2.341.871.600,00","2.341.871.600,00",17/12/2018,15.35,13.35,14.35,14.25,"166,800",14.3,"75,500",14.35,"14,300",14.35,"153,500",0.00,0.0%,14.4,"232,100",14.45,"168,100",14.5,"408,700",14.75,14.15,"11,368,400","400,800","457,300"
242,PPC,Công ty Cổ phần Nhiệt điện Phả Lại,"326.235.000,00","320.613.054,00",17/01/2007,29.55,25.75,27.65,27.5,"1,000",27.6,"3,500",27.65,"49,700",27.7,"46,800",0.05,0.2%,27.7,"6,600",28,"1,600",28.1,500,29.1,27.65,"1,030,800","13,300","383,000"
243,PSH,Công ty Cổ phần Thương mại Đầu tư Dầu khí Nam Sông Hậu,"126.196.780,00","126.150.380,00",19/05/2020,19.6,17.1,18.35,18.2,"6,700",18.25,"4,800",18.35,"3,100",18.4,"1,500",0.05,0.3%,18.4,"3,200",18.45,"5,200",18.5,"7,800",18.4,18.15,"170,600",,
244,PTB,Công ty Cổ phần Phú Tài,"48.599.441,00","48.597.034,00",20/05/2011,69.2,60.2,64.7,68,"1,300",68.2,"1,400",68.4,100,68.5,"18,300",3.80,5.9%,68.5,"11,900",68.6,700,68.7,600,68.5,65,"483,300","36,100","3,200"
245,PTC,Công ty Cổ phần Đầu tư và Xây dựng Bưu điện,"17.999.999,00","16.184.299,00",08/12/2008,8.41,7.31,7.86,8.1,"1,000",8.15,500,8.41,"3,800",8.41,"2,400",0.55,7.0%,,,,,,,8.41,8.41,"4,900",,
246,PTL,Công ty Cổ phần Đầu tư Hạ tầng và Đô thị Dầu khí,"100.000.000,00","98.865.080,00",15/09/2010,6.93,6.03,6.48,6.1,"3,100",6.12,200,6.13,"1,600",6.45,"1,000",-0.03,-0.5%,6.44,"1,300",6.47,400,6.48,"1,000",6.48,6.45,"1,300",,
247,PVD,Tổng Công ty Cổ phần Khoan và Dịch vụ Khoan Dầu khí,"421.545.789,00","421.129.789,00",15/11/2006,23.75,20.65,22.2,21.2,"241,700",21.25,"88,700",21.3,"44,700",21.3,"521,800",-0.90,-4.1%,21.4,"2,000",21.45,"170,000",21.5,"105,700",22.3,21.25,"11,595,800","156,100","1,179,400"
248,PVT,Tổng Công ty Cổ phần Vận tải Dầu khí,"323.651.246,00","323.651.246,00",27/11/2007,19.75,17.25,18.5,19.45,"17,800",19.5,"46,900",19.55,"5,300",19.6,"101,800",1.10,5.9%,19.6,"69,600",19.65,"119,100",19.7,"465,000",19.75,18.8,"11,737,200","418,100","784,000"
249,PXI,Công ty Cổ phần Xây dựng Công nghiệp và Dân dụng Dầu khí,"30.000.000,00","30.000.000,00",07/06/2010,4.36,3.8,4.08,3.89,900,3.9,900,4,900,4.1,700,0.02,0.5%,4.07,400,4.1,"7,500",4.2,"2,500",4.1,3.8,"76,200",,700
250,PXS,Công ty Cổ phần Kết cấu Kim loại và Lắp máy Dầu khí,"60.000.000,00","59.999.998,00",27/05/2010,8.91,7.75,8.33,8.15,"12,300",8.16,"2,100",8.17,"1,700",8.17,"6,800",-0.16,-1.9%,8.18,"2,000",8.19,"1,000",8.2,"6,000",8.5,8.16,"394,200",,
251,QBS,Công ty Cổ phần Xuất Nhập khẩu Quảng Bình,"69.329.928,00","69.329.928,00",04/11/2014,3.13,2.73,2.93,2.79,600,2.8,"7,000",2.81,"3,400",2.81,"16,900",-0.12,-4.1%,2.85,"3,400",2.87,"4,900",2.88,"4,900",2.93,2.8,"329,200",,
252,QCG,Công ty Cổ phần Quốc Cường Gia Lai,"275.129.310,00","275.129.141,00",27/07/2010,9.15,7.97,8.56,8.45,"9,200",8.49,"15,200",8.5,"20,800",8.7,"113,400",0.14,1.6%,8.7,"18,400",8.72,"3,000",8.75,"18,000",8.89,8.42,"904,700",,"32,600"
253,RAL,Công ty Cổ phần Bóng đèn Phích nước Rạng Đông,"12.075.000,00","12.075.000,00",23/10/2006,168.5,146.5,157.5,157.5,100,158,600,159,300,159,"2,100",1.50,1.0%,160,"1,200",160.5,200,161,"1,300",159,156,"18,300",,
254,RDP,Công ty Cổ phần Rạng Đông Holding,"47.640.586,00","47.640.586,00",21/08/2009,8.93,7.77,8.35,8.1,200,8.15,100,8.2,500,8.3,200,-0.05,-0.6%,8.53,100,8.55,"1,000",8.6,200,8.4,8.3,"7,900",500,
255,REE,Công ty Cổ phần Cơ Điện Lạnh,"310.058.841,00","309.050.926,00",18/07/2000,57.3,49.85,53.6,53.8,"22,100",53.9,"21,200",54,"33,000",54.1,"72,100",0.50,0.9%,54.1,"3,100",54.2,"13,200",54.3,"24,100",55,53.3,"816,100",,
256,RIC,Công ty Cổ phần Quốc tế Hoàng Gia,"28.708.169,00","70.368.754,00",23/07/2007,9.37,8.15,8.76,9.33,100,9.34,900,9.37,"20,500",9.37,"1,300",0.61,7.0%,,,,,,,9.37,9.33,"108,400",,300
257,ROS,Công ty Cổ phần Xây dựng FLC FAROS,"567.598.121,00","567.598.121,00",24/08/2016,4.28,3.72,4,4.26,"367,600",4.27,"493,700",4.28,"2,605,700",4.28,"96,900",0.28,7.0%,,,,,,,4.28,4.11,"51,625,500","808,900","292,200"
258,S4A,Công ty Cổ phần Thủy điện Sê San 4A,"42.200.000,00","42.200.000,00",26/04/2016,28.85,25.15,27,26.6,800,26.7,300,26.8,200,26.6,800,-0.40,-1.5%,27.45,200,27.5,"2,100",28.85,100,26.8,26.6,"1,300",,
259,SAB,Tổng Công ty Cổ phần Bia – Rượu – Nước giải khát Sài Gòn,"641.281.186,00","641.281.186,00",25/11/2016,207.5,180.5,194,192.7,"3,400",192.9,"3,700",193,"11,200",194,"14,800",0.00,0.0%,194,"5,600",194.3,300,194.5,200,194.7,192.9,"131,000","76,200","77,900"
260,SAM,Công ty Cổ phần SAM Holdings,"349.997.190,00","349.997.190,00",18/07/2000,13.3,11.6,12.45,13.2,"16,600",13.25,"12,500",13.3,"46,200",13.3,"26,300",0.85,6.8%,,,,,,,13.3,12.3,"1,809,200","10,400",700
261,SAV,Công ty Cổ phần Hợp tác Kinh tế và Xuất nhập khẩu Savimex,"16.019.967,00","15.624.197,00",26/04/2002,22.25,19.35,20.8,20.45,900,20.5,"5,100",20.6,"5,000",20.7,"5,000",-0.10,-0.5%,20.7,"5,200",20.75,"3,000",20.8,"10,700",20.8,20.4,"57,300",,
262,SBA,Công ty Cổ phần Sông Ba,"60.488.261,00","60.285.171,00",28/04/2010,17.05,14.85,15.95,15.9,"1,200",15.95,"2,000",16,"3,800",16.1,"2,500",0.15,0.9%,16.1,"9,200",16.15,"2,400",16.2,"5,600",16.1,15.9,"149,300",,
263,SBT,Công ty Cổ phần Thành Thành Công - Biên Hòa,"629.150.895,00","629.150.895,00",25/02/2008,25.65,22.35,24,23.6,"40,600",23.65,"36,200",23.7,900,23.85,"119,400",-0.15,-0.6%,23.85,"53,700",23.9,"54,300",23.95,"56,000",24.4,23.5,"4,219,200","882,400","51,500"
264,SBV,Công ty Cổ phần Siam Brothers Việt Nam,"27.366.476,00","27.323.976,00",03/05/2017,13.4,11.7,12.55,12.3,"3,000",12.4,"6,000",12.45,"1,000",12.65,"10,100",0.10,0.8%,12.65,"3,700",12.7,"1,000",12.75,"1,000",12.8,12.4,"60,500",,
265,SC5,Công ty Cổ phần Xây dựng Số 5,"14.984.550,00","14.983.499,00",10/04/2007,26.75,23.25,25,,,,,,,,,,,25.3,600,26.5,300,26.75,500,,,,,
266,SCD,Công ty Cổ phần Nước giải khát Chương Dương,"8.500.000,00","8.477.640,00",12/11/2006,25.1,21.9,23.5,23,"1,300",23.1,100,23.2,"1,200",23.5,900,0.00,0.0%,23.6,"5,000",23.7,"5,000",23.8,"5,900",23.9,23.5,"36,600",,
267,SCR,Công ty Cổ phần Địa ốc Sài Gòn Thương Tín,"366.356.303,00","366.356.303,00",06/10/2016,9.5,8.26,8.88,9.07,"22,000",9.09,"14,000",9.1,"35,200",9.1,"216,100",0.22,2.5%,9.15,"10,500",9.17,"33,000",9.18,"1,000",9.35,9,"6,033,100","25,300","127,800"
268,SCS,Công ty Cổ phần Dịch vụ Hàng hóa Sài Gòn,"50.745.700,00","50.745.700,00",26/06/2018,144.3,125.5,134.9,134.4,"3,700",134.5,"3,900",134.6,"1,900",135,"1,500",0.10,0.1%,135,"2,600",135.4,200,136,300,135.4,134.2,"20,100","3,500","1,500"
269,SFC,Công ty Cổ phần Nhiên liệu Sài Gòn,"11.291.459,00","11.234.819,00",16/06/2004,23.5,20.5,22,,,22,"4,200",23,100,23,400,1.00,4.5%,,,,,,,23,23,"1,900",,
270,SFG,Công ty Cổ phần Phân bón Miền Nam,"47.897.333,00","47.897.333,00",17/11/2014,8.88,7.72,8.3,8.35,"28,600",8.4,"55,000",8.5,"50,300",8.8,"4,900",0.50,6.0%,8.79,"2,000",8.8,"46,800",8.85,"52,000",8.8,8.3,"67,200",,
271,SFI,Công ty Cổ phần Đại lý Vận tải SAFI,"15.753.069,00","14.023.057,00",08/12/2006,40.45,35.25,37.85,37.05,300,37.2,400,37.3,500,37.85,100,0.00,0.0%,37.85,"2,900",37.9,300,38,500,37.85,37,"17,700",200,
272,SGN,Công ty Cổ phần Phục vụ Mặt đất Sài Gòn,"33.581.691,00","33.533.591,00",04/07/2018,74.9,65.1,70,69.3,700,69.4,300,69.5,500,69.5,100,-0.50,-0.7%,69.9,"1,000",70,"74,500",71.5,"5,100",70,69,"5,300",,"2,100"
273,SGR,Công ty Cổ phần Tổng Công ty Cổ phần Địa ốc Sài Gòn,"60.000.000,00","59.999.989,00",21/12/2017,23.5,20.5,22,20.8,"3,000",21,"4,000",21.7,100,21.7,"2,000",-0.30,-1.4%,22,"50,300",22.7,900,22.8,"1,600",22.9,21.1,"22,400",,
274,SGT,Công ty Cổ phần Công nghệ Viễn thông Sài Gòn,"74.001.914,00","74.001.604,00",10/01/2008,14.05,12.25,13.15,13.5,"1,100",14,"7,700",14.05,"138,400",14.05,500,0.90,6.8%,,,,,,,14.05,14.05,"15,100",,"1,900"
275,SHA,Công ty Cổ phần Sơn Hà Sài Gòn,"33.446.675,00","33.446.675,00",27/09/2016,5.53,4.81,5.17,5.03,"1,000",5.05,"4,200",5.06,"1,100",5.11,100,-0.06,-1.2%,5.11,900,5.12,"3,500",5.15,"5,000",5.18,5.02,"48,400",,
276,SHI,Công ty Cổ phần Quốc tế Sơn Hà,"100.535.707,00","100.216.847,00",23/12/2009,10.45,9.12,9.8,9.55,"4,600",9.6,500,9.62,200,9.8,100,0.00,0.0%,9.8,900,9.86,"19,100",9.87,"3,000",9.9,9.7,"563,200","4,400","3,100"
277,SHP,Công ty Cổ phần Thủy điện Miền Nam,"93.710.200,00","93.710.200,00",14/07/2014,24.05,20.95,22.5,22,"12,700",22.5,"10,500",22.6,200,22.6,100,0.10,0.4%,22.7,"7,300",23,200,23.1,300,22.7,22.5,"3,000",,
278,SII,Công ty Cổ phần Hạ tầng nước Sài Gòn,"64.522.104,00","64.552.104,00",22/08/2012,21.25,18.55,19.9,,,,,,,19.9,"2,800",0.00,0.0%,19.9,200,21.2,200,21.25,"3,000",19.9,19.8,"5,100",,
279,SJD,Công ty Cổ phần Thủy điện Cần Đơn,"68.998.620,00","68.998.620,00",11/12/2006,18.65,16.25,17.45,17.25,"47,500",17.3,"12,900",17.35,"10,600",17.35,700,-0.10,-0.6%,17.45,"6,100",17.5,"14,700",17.6,"6,500",17.5,17.25,"57,100","1,600",
280,SJF,Công ty Cổ phần Đầu tư Sao Thái Dương,"79.200.000,00","79.200.000,00",19/06/2017,3.21,2.79,3,2.97,"14,300",2.98,200,2.99,"3,000",3,"103,300",0.00,0.0%,3,"95,300",3.01,"23,100",3.02,"30,600",3.05,2.91,"4,197,700","64,500",700
281,SJS,Công ty Cổ phần Đầu tư Phát triển Đô thị và Khu công nghiệp Sông Đà,"114.855.540,00","113.897.480,00",11/05/2006,30.65,26.65,28.65,27.2,"12,000",27.5,800,28,"11,100",28,"12,300",-0.65,-2.3%,28.25,300,28.3,800,28.7,"12,700",29,28,"114,500",,"25,900"
282,SKG,Công ty Cổ phần Tàu cao tốc Superdong – Kiên Giang,"63.331.735,00","63.331.735,00",16/05/2014,13.1,11.4,12.25,11.85,700,11.9,"7,000",11.95,"2,500",12,"3,100",-0.25,-2.0%,12,"19,000",12.1,"4,300",12.15,"5,000",12.5,11.9,"433,500","1,100","11,000"
283,SMA,Công ty Cổ phần Thiết bị Phụ tùng Sài Gòn,"20.352.836,00","20.352.836,00",23/09/2010,8.78,7.64,8.21,8.21,"2,500",8.25,"24,700",8.29,"2,000",8.25,500,0.04,0.5%,8.72,500,8.74,100,8.78,"1,000",8.74,8.25,"3,700","2,100",
284,SMB,Công ty Cổ phần Bia Sài Gòn - Miền Trung,"29.846.648,00","29.846.648,00",27/06/2018,46,40,43,42.2,100,42.4,"2,000",42.5,600,42.75,100,-0.25,-0.6%,42.75,400,42.8,"7,000",42.9,"4,800",42.8,42.4,"12,100","2,300",
285,SMC,Công ty Cổ phần Đầu tư Thương mại SMC,"60.994.691,00","60.922.941,00",29/09/2006,26.75,23.25,25,23.75,500,23.8,"2,000",23.9,"1,400",23.9,"2,600",-1.10,-4.4%,23.95,"9,000",24,"17,500",24.1,"9,400",24.8,23.65,"597,000","10,700","77,000"
286,SPM,Công ty Cổ phần SPM,"14.000.000,00","13.770.000,00",07/05/2010,13.9,12.1,13,12.6,"1,000",12.65,"1,100",12.7,100,13,100,0.00,0.0%,13,900,13.45,500,13.5,100,13,12.65,200,,
287,SRC,Công ty Cổ phần Cao su Sao Vàng,"28.065.765,00","28.063.368,00",23/09/2009,22.55,19.65,21.1,22.1,"3,000",22.5,200,22.55,"215,000",22.55,"23,400",1.45,6.9%,,,,,,,22.55,21.1,"192,100","5,000",
288,SRF,Công ty Cổ phần SEAREFICO,"35.566.780,00","33.786.780,00",05/10/2009,15.05,13.15,14.1,13.4,"2,000",13.45,"1,000",13.5,200,13.5,"2,000",-0.60,-4.3%,13.65,400,13.7,"1,000",13.75,500,14.35,13.5,"12,100",,
289,SSC,Công ty Cổ phần Giống Cây trồng Miền Nam,"14.992.367,00","13.271.785,00",29/12/2004,53.5,46.5,50,47.2,100,47.45,200,47.5,200,50,100,0.00,0.0%,50,400,51,100,51.9,100,50,46.6,"2,700",,
290,SSI,Công ty Cổ phần Chứng khoán SSI,"984.750.022,00","982.343.473,00",18/10/2007,36.95,32.15,34.55,33.6,"12,600",33.65,"68,100",33.7,"7,600",33.75,"193,700",-0.80,-2.3%,33.75,"2,100",33.8,"31,700",33.85,"1,500",34.7,33.4,"11,501,200","932,400","1,479,400"
291,ST8,Công ty Cổ phần Siêu Thanh,"25.720.902,00","25.720.902,00",10/12/2007,12.3,10.7,11.5,11.1,"1,200",11.2,"3,000",11.25,"1,100",,,,,11.5,500,11.65,100,11.75,100,,,,,
292,STB,Ngân hàng Thương mại Cổ phần Sài Gòn Thương Tín,"1.885.215.716,00","1.885.215.716,00",02/06/2006,21.4,18.6,20,19.8,"474,500",19.85,"156,200",19.9,"3,600",19.95,"1,287,600",-0.05,-0.3%,19.95,"508,100",20,"1,922,100",20.05,"797,400",20.2,19.7,"29,967,400","1,470,500","1,600,300"
293,STG,Công ty Cổ phần Kho vận Miền Nam,"98.253.357,00","98.253.357,00",04/02/2010,17.9,15.6,16.75,16.6,"1,900",16.65,700,16.7,600,17,600,0.25,1.5%,17,"2,400",17.2,"20,800",17.3,"5,300",17,16.6,"35,500",,
294,STK,Công ty Cổ phần Sợi Thế Kỷ,"70.726.944,00","68.185.294,00",10/09/2015,24.9,21.7,23.3,24.3,100,24.4,"2,500",24.7,100,24.7,100,1.40,6.0%,24.8,"33,400",24.85,"23,100",24.9,"42,100",24.85,23.2,"136,300",,"41,400"
295,SVC,Công ty Cổ phần Dịch vụ Tổng hợp Sài Gòn,"33.320.532,00","33.300.466,00",27/05/2009,74.9,65.1,70,66.1,"1,500",66.3,200,66.4,100,,,,,74.9,100,,,,,,,,,
296,SVI,Công ty Cổ phần Bao bì Biên Hòa,"12.832.437,00","12.832.437,00",05/03/2012,93,81,87,,,,,81.1,400,86.4,100,-0.60,-0.7%,86,200,86.4,500,86.5,100,86.4,81.1,400,,
297,SVT,Công ty Cổ phần Công nghệ Sài Gòn Viễn Đông,"11.579.574,00","11.579.574,00",26/07/2011,19.15,16.65,17.9,,,16.65,500,16.7,400,17.9,"2,200",0.00,0.0%,17.9,"10,100",19.15,"4,200",,,17.9,16.65,"35,200",,
298,SZC,Công ty Cổ phần Sonadezi Châu Đức,"100.000.000,00","100.000.000,00",18/12/2018,42.4,36.9,39.65,38.8,"18,200",38.85,"9,000",38.9,"18,200",38.95,"44,100",-0.70,-1.8%,38.95,"15,200",39,"5,000",39.05,"13,000",40.6,38.7,"1,519,600","335,800","22,000"
299,SZL,Công ty Cổ phần Sonadezi Long Thành,"20.000.000,00","18.190.900,00",15/08/2008,58.8,51.2,55,54.1,"5,000",54.2,"5,100",54.3,"1,300",54.8,200,-0.20,-0.4%,54.8,800,55,"5,800",55.3,"1,000",55.3,54.2,"34,100","12,000",
300,TAC,Công ty Cổ phần Dầu thực vật Tường An,"33.879.648,00","33.876.148,00",06/12/2006,54,47,50.5,48.75,500,48.8,200,49,"3,000",50,"1,100",-0.50,-1.0%,50,"2,000",50.3,200,50.4,"1,000",50.5,48.25,"23,100","6,600",
301,TBC,Công ty Cổ phần Thủy điện Thác Bà,"63.500.000,00","63.500.000,00",25/09/2009,27.8,24.2,26,25.8,"2,300",25.9,"2,100",26,600,26.15,200,0.15,0.6%,26.15,300,26.2,200,26.3,500,26.5,26,"91,200","1,100",
302,TCB,Ngân hàng TMCP Kỹ Thương Việt Nam,"3.510.914.798,00","3.510.914.798,00",22/05/2018,38.7,33.7,36.2,36.1,"195,300",36.15,"133,200",36.2,"62,600",36.3,"542,800",0.10,0.3%,36.3,"281,700",36.35,"75,700",36.4,"106,300",36.9,35.8,"12,347,400","3,000",
303,TCD,Công ty Cổ phần Đầu tư Phát triển Công nghiệp và Vận tải,"87.209.152,00","87.209.152,00",17/05/2017,15.5,13.5,14.5,13.75,900,13.9,500,14,500,14,600,-0.50,-3.4%,14.4,400,14.45,"2,200",14.5,"13,700",14.5,13.5,"3,200",,
304,TCH,Công ty Cổ phần Đầu tư Dịch vụ Tài chính Hoàng Huy,"618.721.968,00","618.721.968,00",15/09/2016,27.1,23.6,25.35,25.75,"28,300",25.8,"23,600",25.85,"2,100",25.9,"158,100",0.55,2.2%,25.9,"3,100",25.95,"45,700",26,"159,500",26.5,25.35,"8,736,000","774,600","193,400"
305,TCL,Công ty Cổ phần Đai lý Giao nhận Vận tải Xếp dỡ Tân Cảng,"30.158.436,00","30.158.436,00",11/12/2009,31,27,29,29.45,"1,200",29.5,"10,900",29.7,"1,000",29.7,"1,700",0.70,2.4%,29.85,"5,000",29.9,"2,200",29.95,"1,400",29.9,29.05,"222,300","123,800",
306,TCM,Công ty Cổ phần Dệt may - Đầu tư - Thương mại Thành Công,"71.360.808,00","71.260.358,00",05/10/2007,82.3,71.7,77,80.7,"10,000",80.8,100,80.9,"21,900",80.9,"63,300",3.90,5.1%,81,"1,500",81.3,"5,500",81.4,"1,600",81.6,77,"456,900","6,100",
307,TCO,Công ty Cổ phần Vận tải Đa phương thức Duyên Hải,"18.711.000,00","18.711.000,00",08/02/2012,11.2,9.77,10.5,9.77,100,10,"2,000",10.5,300,,,,,11.1,200,11.2,700,,,,,,,
308,TCR,Công ty Cổ phần Công nghiệp Gốm sứ TAICERA,"10.373.190,00","45.425.142,00",26/12/2006,5.15,4.49,4.82,5.09,"1,500",5.1,500,5.15,"61,400",5.15,"3,500",0.33,6.8%,,,,,,,5.15,5.15,"103,500",,"4,600"
309,TCT,Công ty Cổ phần Cáp treo Núi Bà Tây Ninh,"12.788.000,00","12.788.000,00",14/01/2016,33.95,29.55,31.75,30.7,500,30.8,"1,500",30.9,"2,000",31.7,900,-0.05,-0.2%,31.7,"4,300",31.75,"1,000",31.8,100,32,30.8,"21,300","3,300",
310,TDC,Công ty Cổ phần Kinh doanh và Phát triển Bình Dương,"100.000.000,00","100.000.000,00",16/04/2010,18.8,16.4,17.6,17.4,"11,900",17.45,"3,700",17.5,"6,100",17.6,"20,600",0.00,0.0%,17.6,"18,800",17.65,"1,000",17.8,"26,000",18.2,17.35,"781,500","8,900","29,700"
311,TDG,Công ty Cổ phần Đầu tư TDG GLOBAL,"16.770.000,00","16.770.000,00",06/06/2017,3.71,3.23,3.47,3.69,"12,900",3.7,"5,000",3.71,"42,300",3.71,500,0.24,6.9%,,,,,,,3.71,3.58,"1,000,100",500,"1,000"
312,TDH,Công ty Cổ phần Phát triển Nhà Thủ Đức,"112.652.767,00","112.652.767,00",23/11/2006,9.19,7.99,8.59,8.46,"16,700",8.47,"8,800",8.48,"22,000",8.49,"61,700",-0.10,-1.2%,8.49,"6,500",8.5,"6,600",8.51,100,8.69,8.42,"1,677,400","22,900","89,500"
313,TDM,Công ty Cổ phần Nước Thủ Dầu Một,"100.000.000,00","100.000.000,00",05/10/2018,28.5,24.8,26.65,26.6,"23,100",26.65,"6,800",26.7,"10,200",26.85,"2,000",0.20,0.8%,26.85,"4,900",26.9,"17,000",26.95,"3,300",26.9,26.65,"285,100","7,400",500
314,TDP,Công ty Cổ phần Thuận Đức,"60.210.902,00","60.210.902,00",24/07/2020,28.8,25.1,26.95,,,25.1,"2,200",25.2,300,25.5,100,-1.45,-5.4%,25.5,"2,000",26.5,"5,000",26.7,"1,500",26,25.1,"150,900",400,
315,TDW,Công ty Cổ phần Cấp nước Thủ Đức,"8.500.000,00","8.500.000,00",17/09/2010,27.8,24.2,26,26,"24,700",26.6,300,27.8,"1,000",27.7,200,1.70,6.5%,,,,,,,27.7,27.7,200,,
316,TEG,Công ty Cổ phần Năng lượng và Bất động sản Trường Thành,"32.383.642,00","65.591.772,00",28/12/2017,7.6,6.62,7.11,7.05,"5,000",7.07,"5,000",7.1,"5,000",7.15,"5,200",0.04,0.6%,7.15,"4,100",7.2,"5,900",7.3,500,7.2,7,"126,400",,
317,TGG,Công ty Cổ phần Louis Capital,"27.299.990,00","27.299.990,00",09/05/2018,1.87,1.63,1.75,1.85,"16,900",1.86,"11,600",1.87,"1,832,800",1.87,100,0.12,6.9%,,,,,,,1.87,1.87,"409,800",,
318,THG,Công ty Cổ phần Đầu tư và Xây dựng Tiền Giang,"15.971.306,00","15.971.306,00",28/04/2011,73.4,63.8,68.6,68,"6,700",68.1,"2,600",68.2,"1,100",69,100,0.40,0.6%,69,"3,800",69.5,"2,500",69.8,200,69,67.7,"28,600","2,500",
319,THI,Công ty Cổ phần Thiết Bị Điện,"48.800.000,00","44.000.000,00",14/04/2017,28.85,25.15,27,27,600,27.05,300,27.1,600,27.5,500,0.50,1.9%,27.5,500,28,200,28.1,100,27.5,27.5,500,,
320,TIP,Công ty Cổ phần Phát triển Khu Công nghiệp Tín Nghĩa,"26.003.143,00","26.003.143,00",09/03/2016,59.3,51.7,55.5,54.3,"1,500",54.5,"5,100",54.6,"10,000",54.8,"2,600",-0.70,-1.3%,54.8,"6,700",54.9,"1,800",55,"6,800",55.6,54.3,"93,600","5,200",400
321,TIX,Công ty Cổ phần Sản xuất Kinh doanh XNK Dịch vụ và Đầu tư Tân Bình,"30.000.000,00","30.000.000,00",17/11/2009,33.15,28.85,31,,,28.85,100,28.9,100,,,,,32,100,33.15,100,,,,,,,
322,TLD,Công ty Cổ phần Đầu tư Xây dựng và Phát triển Đô thị Thăng Long,"39.956.372,00","42.752.586,00",29/11/2017,6.94,6.04,6.49,6.46,"5,700",6.48,"26,100",6.49,"13,000",6.49,"7,500",0.00,0.0%,6.5,"40,300",6.52,"4,300",6.53,"7,200",6.53,6.41,"431,400","5,500","28,500"
323,TLG,Công ty Cổ phần Tập đoàn Thiên Long,"77.794.453,00","77.794.453,00",02/02/2010,43.4,37.8,40.6,40.8,"1,200",40.85,"3,800",40.9,"1,600",40.9,200,0.30,0.7%,41,"1,300",41.1,"1,400",41.15,"3,300",41.2,40.85,"65,200","32,200","1,800"
324,TLH,Công ty Cổ phần Tập đoàn Thép Tiến Lên,"102.110.621,00","102.110.621,00",04/03/2010,8.56,7.44,8,7.71,"5,300",7.72,500,7.75,"13,200",7.75,"26,300",-0.25,-3.1%,7.88,"14,000",7.89,400,7.9,"12,600",8,7.75,"515,300","4,100","12,700"
325,TMP,Công ty Cổ phần Thủy điện Thác Mơ,"70.000.000,00","70.000.000,00",08/06/2009,44.15,38.45,41.3,40.4,100,40.45,200,40.5,100,40.4,100,-0.90,-2.2%,41.5,"2,200",42,"10,400",42.4,"2,300",40.4,40.4,300,,
326,TMS,Công ty Cổ phần Transimex,"93.656.851,00","105.859.929,00",02/08/2000,40.55,35.25,37.9,37,"1,300",37.1,"1,500",37.2,"1,100",38,100,0.10,0.3%,37.9,"1,500",38,"4,000",38.05,"1,800",38,37,"9,800",500,
327,TMT,Công ty Cổ phần Ô tô TMT,"37.287.680,00","36.877.980,00",15/01/2010,7.06,6.14,6.6,6.15,"5,500",6.16,"1,200",6.2,100,6.5,100,-0.10,-1.5%,6.59,700,6.6,"2,700",6.76,600,6.6,6.14,"20,900",,
328,TN1,Công ty Cổ phần Thương mại Dịch vụ TNS Holdings,"33.836.737,00","34.550.737,00",13/03/2019,77,67,72,71,800,71.5,700,72,200,72,100,0.00,0.0%,72.6,100,73,300,73.3,600,73,72,"1,800",,
329,TNA,Công ty Cổ phần Thương mại Xuất nhập khẩu Thiên Nam,"39.730.884,00","49.231.310,00",04/05/2005,15.4,13.4,14.4,15.2,"27,600",15.25,"5,000",15.3,"38,500",15.35,"127,400",0.95,6.6%,15.35,"82,700",15.4,"153,200",,,15.35,14.15,"980,200","8,300",
330,TNC,Công ty Cổ phần Cao su Thống Nhất,"19.250.000,00","19.250.000,00",07/08/2007,32.45,28.25,30.35,,,28.25,200,28.5,500,29.5,100,-0.85,-2.8%,29.45,100,29.5,300,29.75,300,30.05,28.5,"5,200",,
331,TNH,Công ty Cổ phần Bệnh viện Quốc tế Thái Nguyên,"41.500.000,00","41.500.000,00",23/12/2020,32.1,27.9,30,28.9,400,29,"4,300",29.2,700,29.5,"5,400",-0.50,-1.7%,29.5,"13,200",29.6,"5,000",29.8,"3,500",30,29,"184,300",,
332,TNI,Công ty Cổ phần Tập đoàn Thành Nam,"52.500.000,00","52.500.000,00",22/05/2017,4.16,3.62,3.89,3.76,"7,000",3.77,"20,000",3.78,100,3.79,"44,300",-0.10,-2.6%,3.79,"51,200",3.8,"140,600",3.81,"40,500",3.91,3.72,"3,385,900","29,100","56,400"
333,TNT,Công ty Cổ phần Tập đoàn TNT,"25.500.000,00","51.000.000,00",14/05/2010,3.14,2.74,2.94,2.77,200,2.78,"6,000",2.8,"4,800",2.8,"22,200",-0.14,-4.8%,2.84,"2,300",2.86,"1,000",2.92,"10,000",3.11,2.8,"363,900",,"20,100"
334,TPB,Ngân hàng Thương mại Cổ phần Tiên Phong,"1.581.755.495,00","1.581.755.495,00",22/03/2018,30.45,26.55,28.5,27.6,"69,400",27.65,"25,900",27.7,"86,100",27.7,"86,500",-0.80,-2.8%,27.8,"3,700",27.85,"4,900",27.9,"12,600",28.5,27.65,"2,745,500",,
335,TPC,Công ty Cổ phần Nhựa Tân Đại Hưng,"24.430.596,00","22.516.956,00",20/11/2007,11.3,9.86,10.6,,,9.9,400,10.6,"7,600",10.6,200,0.00,0.0%,10.8,700,11.1,100,11.2,100,10.7,10.5,"45,400",,
336,TRA,Công ty Cổ phần Traphaco,"41.453.673,00","41.450.540,00",12/11/2008,73.2,63.8,68.5,68.3,"3,100",68.4,100,68.5,"2,100",68.5,500,0.00,0.0%,69,500,69.5,300,69.8,400,69,68.5,"5,200",,
337,TRC,Công ty Cổ phần Cao su Tây Ninh,"30.000.000,00","29.125.000,00",17/07/2007,43,37.4,40.2,37.5,"2,000",39.5,700,39.8,400,40.2,200,0.00,0.0%,40.2,"3,000",40.25,200,40.6,"1,000",40.2,40.2,"12,200",,
338,TSC,Công ty Cổ phần Vật tư Kỹ thuật Nông nghiệp Cần Thơ,"147.648.084,00","147.648.084,00",24/09/2007,4.9,4.26,4.58,,,,,,,4.26,"141,300",-0.32,-7.0%,4.26,"465,900",4.27,100,4.28,100,4.6,4.26,"2,565,700","44,400","45,800"
339,TTA,Công ty Cổ phần Đầu tư Xây dựng và Phát triển Trường Thành,"145.799.904,00","145.799.904,00",18/08/2020,17.75,15.45,16.6,15.65,"1,000",15.7,"24,300",15.75,"12,100",15.8,"85,400",-0.80,-4.8%,15.8,800,15.85,400,15.9,"9,500",16.8,15.8,"1,813,500",,
340,TTB,Công ty Cổ phần Tập đoàn Tiến Bộ,"51.509.583,00","51.509.583,00",26/07/2018,7.15,6.23,6.69,,,,,,,6.23,"287,500",-0.46,-6.9%,6.23,"26,200",6.24,"94,000",6.25,"17,300",6.71,6.23,"2,084,800",,"53,400"
341,TTE,Công ty Cổ phần Đầu tư Năng lượng Trường Thịnh,"28.490.400,00","28.490.400,00",26/11/2018,11.75,10.25,11,,,,,10.3,100,,,,,11,"1,200",11.75,"1,900",,,,,,,
342,TTF,Công ty Cổ phần Tập đoàn Kỹ nghệ Gỗ Trường Thành,"311.198.302,00","311.197.838,00",01/02/2008,7.14,6.22,6.68,6.41,"10,600",6.42,"16,700",6.43,"32,800",6.43,"208,300",-0.25,-3.7%,6.44,"5,500",6.46,"4,400",6.47,"24,900",6.69,6.43,"5,647,000","42,600","12,100"
343,TV2,Công ty Cổ phần Tư vấn Xây dựng Điện 2,"45.018.141,00","45.018.141,00",22/04/2019,59.7,51.9,55.8,55.6,"1,100",55.7,"5,000",55.8,"3,200",55.8,"1,900",0.00,0.0%,55.9,"1,100",56,"5,000",56.1,"9,000",56.1,55.5,"81,900","2,700","6,000"
344,TVB,Công ty Cổ phần Chứng khoán Trí Việt,"112.015.461,00","112.015.461,00",13/06/2018,16.35,14.25,15.3,14.7,"7,000",14.8,"182,000",14.85,"46,000",14.9,"12,600",-0.40,-2.6%,14.9,"15,000",14.95,"3,200",15,"12,500",15.3,14.55,"665,700",,"1,300"
345,TVS,Công ty Cổ phần Chứng khoán Thiên Việt,"107.075.184,00","107.075.121,00",25/12/2014,19.7,17.2,18.45,18.2,"2,000",18.3,300,18.35,100,18.45,"11,500",0.00,0.0%,18.45,"1,000",18.5,"11,400",18.55,"1,000",18.7,18,"174,800","129,900",
346,TVT,Tổng Công ty Việt Thắng - CTCP,"21.000.000,00","21.000.000,00",27/06/2017,25.25,21.95,23.6,23,"1,000",23.3,"2,000",23.5,"3,600",23.5,200,-0.10,-0.4%,23.8,"2,500",23.85,"2,000",23.9,"1,900",23.8,23.5,"12,600",,
347,TYA,Công ty Cổ phần Dây và Cáp điện Taya Việt Nam,"6.134.773,00","30.680.582,00",12/02/2005,17.25,15.05,16.15,15.8,"3,000",15.95,300,16,"2,400",16.15,100,0.00,0.0%,16.15,"9,900",16.2,"24,400",16.25,"21,600",16.15,15.95,"59,000","10,000",
348,UDC,Công ty Cổ phần Xây dựng và Phát triển Đô thị tỉnh Bà Rịa - Vũng Tàu,"35.000.000,00","34.706.000,00",28/06/2010,8.37,7.29,7.83,7.43,600,7.44,500,7.5,"3,200",7.82,100,-0.01,-0.1%,7.82,"1,000",7.83,"3,900",7.84,"3,700",8,7.4,"114,400",,
349,UIC,Công ty Cổ phần Đầu tư Phát triển Nhà và Đô thị IDICO,"8.000.000,00","8.000.000,00",31/10/2007,49.75,43.25,46.5,46.5,"10,000",46.55,"5,900",46.6,"5,000",47.2,400,0.70,1.5%,47.15,200,47.2,"6,900",47.35,"10,000",48.65,46.45,"66,200",400,
350,VAF,Công ty Cổ phần Phân lân Nung chảy Văn Điển,"37.665.348,00","37.665.348,00",21/05/2015,10.7,9.3,10,9.5,"2,800",9.51,"2,400",9.52,300,9.52,100,-0.48,-4.8%,10.1,100,10.5,100,10.7,"29,900",10.1,9.4,"16,900",,
351,VCB,Ngân hàng TMCP Ngoại Thương Việt Nam,"3.708.877.448,00","4.732.516.571,00",12/06/2009,110.2,95.8,103,102.3,"2,100",102.5,"10,100",102.8,"10,000",103,"159,700",0.00,0.0%,103,"6,700",103.1,"1,100",103.2,"9,600",104,102,"1,268,500","1,120,400","1,252,000"
352,VCF,Công ty Cổ phần VINACAFÉ Biên Hòa,"26.579.135,00","26.579.135,00",21/01/2011,249.3,216.7,233,220.4,100,221,100,223,100,,,,,233,300,236,500,245,100,,,,,
353,VCG,Tổng Công ty Cổ phần Xuất nhập khẩu và Xây dựng Việt Nam,"441.710.673,00","441.710.673,00",16/12/2020,50.2,43.75,47,47.4,"8,000",47.45,700,47.5,"2,500",47.8,"16,400",0.80,1.7%,47.8,"4,600",47.9,100,47.95,"6,800",48.6,46.9,"834,000",500,
354,VCI,Công ty Cổ phần Chứng khoán Bản Việt,"333.000.000,00","333.000.000,00",30/06/2017,65.4,57,61.2,60.5,"2,700",60.6,200,60.8,100,61,"19,700",-0.20,-0.3%,61,"6,500",61.2,"27,400",61.3,"3,300",61.8,60.5,"1,181,900","585,100","168,200"
355,VDP,Công ty Cổ phần Dược phẩm Trung Ương Vidipha,"16.082.904,00","16.049.504,00",27/07/2017,34.75,30.25,32.5,31.2,100,31.3,200,31.5,200,32.5,100,0.00,0.0%,32.3,900,32.4,"1,000",32.5,"6,800",32.5,31,"8,800",500,
356,VDS,Công ty Cổ phần Chứng khoán Rồng Việt,"105.104.665,00","105.104.665,00",29/06/2017,15.1,13.2,14.15,13.65,"2,300",13.7,"38,200",13.75,"14,700",13.75,"9,700",-0.40,-2.8%,13.85,"27,000",13.9,"30,100",13.95,"40,800",14.25,13.75,"732,600",,
357,VFG,Công ty Cổ phần Khử trùng Việt Nam,"32.088.864,00","32.086.864,00",11/12/2009,50,43.55,46.8,44,100,44.5,500,47,"3,000",,,,,48.6,200,50,"1,000",,,,,,,
358,VGC,Tổng Công ty Viglacera - CTCP,"448.350.000,00","448.350.000,00",26/04/2019,30.75,26.75,28.75,30.65,100,30.7,"5,000",30.75,"204,600",30.75,"1,700",2.00,7.0%,,,,,,,30.75,29.7,"863,000","42,200","20,000"
359,VHC,Công ty Cổ phần Vĩnh Hoàn,"183.376.956,00","181.946.026,00",07/12/2007,44.4,38.6,41.5,41.6,"16,300",41.65,"9,600",41.7,"21,900",41.7,"33,300",0.20,0.5%,41.9,"3,000",42,"23,300",42.1,"4,700",42.9,41,"2,410,100","195,400","716,300"
360,VHM,Công ty Cổ phần Vinhomes,"4.354.367.488,00","4.354.367.488,00",07/05/2018,105.9,92.1,99,99.2,600,99.3,300,99.4,"6,100",99.3,"113,800",0.30,0.3%,99.5,"3,200",99.6,"10,000",99.7,"4,600",101,98.9,"2,262,800","844,900","803,400"
361,VIB,Ngân hàng Thương mại Cổ phần Quốc tế Việt Nam,"1.553.142.993,00","1.553.142.993,00",16/10/2020,36.45,31.75,34.1,33.95,500,34,"163,800",34.05,"13,500",34.15,"26,600",0.05,0.1%,34.15,"21,800",34.2,"14,500",34.25,"10,500",34.3,34,"646,900","282,900",
362,VIC,Tập đoàn Vingroup - Công ty Cổ phần,"3.805.214.791,00","3.805.214.791,00",07/09/2007,112.4,97.8,105.1,104.8,"16,600",104.9,"7,800",105,"13,200",105,"65,500",-0.10,-0.1%,105.3,"4,200",105.4,"3,500",105.5,"3,700",106.5,105,"1,094,200","719,300","411,900"
363,VID,Công ty Cổ phần Đầu tư Phát triển Thương mại Viễn Đông,"35.510.789,00","35.510.789,00",12/07/2006,10.35,9.01,9.68,10,"1,100",10.2,"1,100",10.25,300,10.35,"2,100",0.67,6.9%,10.35,"4,500",,,,,10.35,10,"59,000",,
364,VIP,Công ty Cổ phần Vận tải Xăng dầu VIPCO,"68.470.941,00","68.470.941,00",09/11/2006,11.2,9.77,10.5,11.1,"8,600",11.15,"1,500",11.2,"19,800",11.2,"20,000",0.70,6.7%,,,,,,,11.2,10.8,"1,854,600","6,300",500
365,VIS,Công ty Cổ phần Thép Việt - Ý,"73.830.393,00","73.830.393,00",07/12/2006,19.55,17.05,18.3,,,,,17.1,"3,800",17.8,100,-0.50,-2.7%,17.8,"1,800",18.4,"2,000",18.45,"1,200",18.5,17.5,"8,200",,
366,VIX,Công ty Cổ phần Chứng khoán VIX,"274.595.229,00","274.595.229,00",23/12/2020,29.5,25.7,27.6,26.85,"23,600",26.9,"15,800",26.95,"20,300",27.1,"46,000",-0.50,-1.8%,27.1,"15,100",27.15,"15,200",27.2,300,27.9,26.55,"4,398,900",200,"29,900"
367,VJC,Công ty Cổ phần Hàng không VietJet,"541.611.334,00","541.611.334,00",06/02/2017,140.1,121.9,131,133.5,"6,000",133.6,400,133.7,"1,600",133.8,"18,100",2.80,2.1%,133.8,"7,300",133.9,"14,500",134,"31,100",134,131,"878,700","281,900","37,100"
368,VMD,Công ty Cổ phần Y Dược phẩm Vimedimex,"15.440.268,00","15.440.268,00",17/08/2010,22.85,19.95,21.4,20.5,"1,500",20.55,"1,100",21.4,300,21.4,100,0.00,0.0%,21.9,100,22,200,22.5,"10,400",21.4,21.4,200,100,100
369,VND,Công ty Cổ phần Chứng khoán VNDIRECT,"434.944.687,00","434.944.048,00",10/08/2017,30.95,26.95,28.95,27.8,"133,400",27.85,"48,500",27.9,"74,200",27.95,"75,300",-1.00,-3.5%,27.95,"53,400",28,"126,100",28.1,"39,600",29.1,27.8,"5,370,000","20,900","1,698,200"
370,VNE,Tổng Công ty Cổ phần Xây dựng Điện Việt Nam,"90.432.953,00","81.934.033,00",01/08/2007,6.54,5.7,6.12,6.09,"2,000",6.1,"31,700",6.11,"4,700",6.12,"4,400",0.00,0.0%,6.12,"22,700",6.13,"10,400",6.15,"11,000",6.2,6.06,"176,500",,
